zona_climatica;periodo;Superficie Utile Riscaldata;Volume Lordo Riscaldato;EPgl_nren;EPgl_ren;CO2
A;kE8E9;<50;<50;0.0;0.0;0.0
A;kE8E9;<50;50-100;138.99;8.75;29.1
A;kE8E9;<50;100-200;135.55;9.52;28.05
A;kE8E9;<50;200-500;141.73;10.87;29.57
A;kE8E9;<50;500-1000;0.0;0.0;0.0
A;kE8E9;<50;1000-5000;0.0;0.0;0.0
A;kE8E9;<50;5000-10000;0.0;0.0;0.0
A;kE8E9;<50;>10000;0.0;0.0;0.0
A;kE8E9;50-100;<50;0.0;0.0;0.0
A;kE8E9;50-100;50-100;0.0;0.0;0.0
A;kE8E9;50-100;100-200;118.96;7.58;24.92
A;kE8E9;50-100;200-500;131.07;12.23;27.22
A;kE8E9;50-100;500-1000;110.28;6.44;22.19
A;kE8E9;50-100;1000-5000;220.98;7.21;45.27
A;kE8E9;50-100;5000-10000;0.0;0.0;0.0
A;kE8E9;50-100;>10000;0.0;0.0;0.0
A;kE8E9;100-200;<50;0.0;0.0;0.0
A;kE8E9;100-200;50-100;0.0;0.0;0.0
A;kE8E9;100-200;100-200;0.0;0.0;0.0
A;kE8E9;100-200;200-500;111.02;6.33;22.98
A;kE8E9;100-200;500-1000;105.05;13.23;21.85
A;kE8E9;100-200;1000-5000;201.49;7.92;41.48
A;kE8E9;100-200;5000-10000;0.0;0.0;0.0
A;kE8E9;100-200;>10000;0.0;0.0;0.0
A;kE8E9;200-500;<50;0.0;0.0;0.0
A;kE8E9;200-500;50-100;0.0;0.0;0.0
A;kE8E9;200-500;100-200;0.0;0.0;0.0
A;kE8E9;200-500;200-500;0.0;0.0;0.0
A;kE8E9;200-500;500-1000;107.56;3.76;22.07
A;kE8E9;200-500;1000-5000;0.0;0.0;0.0
A;kE8E9;200-500;5000-10000;0.0;0.0;0.0
A;kE8E9;200-500;>10000;0.0;0.0;0.0
A;kE8E9;500-1000;<50;0.0;0.0;0.0
A;kE8E9;500-1000;50-100;0.0;0.0;0.0
A;kE8E9;500-1000;100-200;0.0;0.0;0.0
A;kE8E9;500-1000;200-500;0.0;0.0;0.0
A;kE8E9;500-1000;500-1000;0.0;0.0;0.0
A;kE8E9;500-1000;1000-5000;0.0;0.0;0.0
A;kE8E9;500-1000;5000-10000;0.0;0.0;0.0
A;kE8E9;500-1000;>10000;0.0;0.0;0.0
A;kE8E9;1000-5000;<50;0.0;0.0;0.0
A;kE8E9;1000-5000;50-100;0.0;0.0;0.0
A;kE8E9;1000-5000;100-200;0.0;0.0;0.0
A;kE8E9;1000-5000;200-500;0.0;0.0;0.0
A;kE8E9;1000-5000;500-1000;0.0;0.0;0.0
A;kE8E9;1000-5000;1000-5000;0.0;0.0;0.0
A;kE8E9;1000-5000;5000-10000;0.0;0.0;0.0
A;kE8E9;1000-5000;>10000;0.0;0.0;0.0
A;kE8E9;>5000;<50;0.0;0.0;0.0
A;kE8E9;>5000;50-100;0.0;0.0;0.0
A;kE8E9;>5000;100-200;0.0;0.0;0.0
A;kE8E9;>5000;200-500;0.0;0.0;0.0
A;kE8E9;>5000;500-1000;0.0;0.0;0.0
A;kE8E9;>5000;1000-5000;0.0;0.0;0.0
A;kE8E9;>5000;5000-10000;0.0;0.0;0.0
A;kE8E9;>5000;>10000;0.0;0.0;0.0
A;kE10E11;<50;<50;0.0;0.0;0.0
A;kE10E11;<50;50-100;173.97;7.32;35.89
A;kE10E11;<50;100-200;165.18;12.44;34.35
A;kE10E11;<50;200-500;160.23;14.73;33.45
A;kE10E11;<50;500-1000;0.0;0.0;0.0
A;kE10E11;<50;1000-5000;0.0;0.0;0.0
A;kE10E11;<50;5000-10000;0.0;0.0;0.0
A;kE10E11;<50;>10000;0.0;0.0;0.0
A;kE10E11;50-100;<50;0.0;0.0;0.0
A;kE10E11;50-100;50-100;0.0;0.0;0.0
A;kE10E11;50-100;100-200;132.8;8.49;27.82
A;kE10E11;50-100;200-500;123.59;13.46;25.95
A;kE10E11;50-100;500-1000;0.0;0.0;0.0
A;kE10E11;50-100;1000-5000;0.0;0.0;0.0
A;kE10E11;50-100;5000-10000;0.0;0.0;0.0
A;kE10E11;50-100;>10000;0.0;0.0;0.0
A;kE10E11;100-200;<50;0.0;0.0;0.0
A;kE10E11;100-200;50-100;0.0;0.0;0.0
A;kE10E11;100-200;100-200;0.0;0.0;0.0
A;kE10E11;100-200;200-500;93.63;12.16;19.92
A;kE10E11;100-200;500-1000;132.26;12.41;27.41
A;kE10E11;100-200;1000-5000;134.54;5.2;27.68
A;kE10E11;100-200;5000-10000;0.0;0.0;0.0
A;kE10E11;100-200;>10000;0.0;0.0;0.0
A;kE10E11;200-500;<50;0.0;0.0;0.0
A;kE10E11;200-500;50-100;0.0;0.0;0.0
A;kE10E11;200-500;100-200;0.0;0.0;0.0
A;kE10E11;200-500;200-500;0.0;0.0;0.0
A;kE10E11;200-500;500-1000;65.75;65.35;15.34
A;kE10E11;200-500;1000-5000;104.21;6.34;21.79
A;kE10E11;200-500;5000-10000;0.0;0.0;0.0
A;kE10E11;200-500;>10000;0.0;0.0;0.0
A;kE10E11;500-1000;<50;0.0;0.0;0.0
A;kE10E11;500-1000;50-100;0.0;0.0;0.0
A;kE10E11;500-1000;100-200;0.0;0.0;0.0
A;kE10E11;500-1000;200-500;0.0;0.0;0.0
A;kE10E11;500-1000;500-1000;0.0;0.0;0.0
A;kE10E11;500-1000;1000-5000;0.0;0.0;0.0
A;kE10E11;500-1000;5000-10000;0.0;0.0;0.0
A;kE10E11;500-1000;>10000;0.0;0.0;0.0
A;kE10E11;1000-5000;<50;0.0;0.0;0.0
A;kE10E11;1000-5000;50-100;0.0;0.0;0.0
A;kE10E11;1000-5000;100-200;0.0;0.0;0.0
A;kE10E11;1000-5000;200-500;0.0;0.0;0.0
A;kE10E11;1000-5000;500-1000;0.0;0.0;0.0
A;kE10E11;1000-5000;1000-5000;0.0;0.0;0.0
A;kE10E11;1000-5000;5000-10000;0.0;0.0;0.0
A;kE10E11;1000-5000;>10000;0.0;0.0;0.0
A;kE10E11;>5000;<50;0.0;0.0;0.0
A;kE10E11;>5000;50-100;0.0;0.0;0.0
A;kE10E11;>5000;100-200;0.0;0.0;0.0
A;kE10E11;>5000;200-500;0.0;0.0;0.0
A;kE10E11;>5000;500-1000;0.0;0.0;0.0
A;kE10E11;>5000;1000-5000;0.0;0.0;0.0
A;kE10E11;>5000;5000-10000;0.0;0.0;0.0
A;kE10E11;>5000;>10000;0.0;0.0;0.0
A;kE12E13;<50;<50;0.0;0.0;0.0
A;kE12E13;<50;50-100;193.63;42.42;43.34
A;kE12E13;<50;100-200;153.76;27.65;31.72
A;kE12E13;<50;200-500;153.06;49.3;33.81
A;kE12E13;<50;500-1000;125.47;9.42;26.5
A;kE12E13;<50;1000-5000;0.0;0.0;0.0
A;kE12E13;<50;5000-10000;0.0;0.0;0.0
A;kE12E13;<50;>10000;0.0;0.0;0.0
A;kE12E13;50-100;<50;0.0;0.0;0.0
A;kE12E13;50-100;50-100;0.0;0.0;0.0
A;kE12E13;50-100;100-200;140.24;20.13;30.02
A;kE12E13;50-100;200-500;116.26;18.97;24.62
A;kE12E13;50-100;500-1000;0.0;0.0;0.0
A;kE12E13;50-100;1000-5000;0.0;0.0;0.0
A;kE12E13;50-100;5000-10000;0.0;0.0;0.0
A;kE12E13;50-100;>10000;0.0;0.0;0.0
A;kE12E13;100-200;<50;0.0;0.0;0.0
A;kE12E13;100-200;50-100;0.0;0.0;0.0
A;kE12E13;100-200;100-200;0.0;0.0;0.0
A;kE12E13;100-200;200-500;96.36;16.05;20.52
A;kE12E13;100-200;500-1000;118.54;24.5;23.78
A;kE12E13;100-200;1000-5000;126.5;7.34;25.99
A;kE12E13;100-200;5000-10000;0.0;0.0;0.0
A;kE12E13;100-200;>10000;0.0;0.0;0.0
A;kE12E13;200-500;<50;0.0;0.0;0.0
A;kE12E13;200-500;50-100;0.0;0.0;0.0
A;kE12E13;200-500;100-200;0.0;0.0;0.0
A;kE12E13;200-500;200-500;0.0;0.0;0.0
A;kE12E13;200-500;500-1000;75.93;22.28;16.24
A;kE12E13;200-500;1000-5000;83.86;5.19;17.12
A;kE12E13;200-500;5000-10000;0.0;0.0;0.0
A;kE12E13;200-500;>10000;0.0;0.0;0.0
A;kE12E13;500-1000;<50;0.0;0.0;0.0
A;kE12E13;500-1000;50-100;0.0;0.0;0.0
A;kE12E13;500-1000;100-200;0.0;0.0;0.0
A;kE12E13;500-1000;200-500;0.0;0.0;0.0
A;kE12E13;500-1000;500-1000;0.0;0.0;0.0
A;kE12E13;500-1000;1000-5000;0.0;0.0;0.0
A;kE12E13;500-1000;5000-10000;0.0;0.0;0.0
A;kE12E13;500-1000;>10000;0.0;0.0;0.0
A;kE12E13;1000-5000;<50;0.0;0.0;0.0
A;kE12E13;1000-5000;50-100;0.0;0.0;0.0
A;kE12E13;1000-5000;100-200;0.0;0.0;0.0
A;kE12E13;1000-5000;200-500;0.0;0.0;0.0
A;kE12E13;1000-5000;500-1000;0.0;0.0;0.0
A;kE12E13;1000-5000;1000-5000;0.0;0.0;0.0
A;kE12E13;1000-5000;5000-10000;0.0;0.0;0.0
A;kE12E13;1000-5000;>10000;0.0;0.0;0.0
A;kE12E13;>5000;<50;0.0;0.0;0.0
A;kE12E13;>5000;50-100;0.0;0.0;0.0
A;kE12E13;>5000;100-200;0.0;0.0;0.0
A;kE12E13;>5000;200-500;0.0;0.0;0.0
A;kE12E13;>5000;500-1000;0.0;0.0;0.0
A;kE12E13;>5000;1000-5000;0.0;0.0;0.0
A;kE12E13;>5000;5000-10000;0.0;0.0;0.0
A;kE12E13;>5000;>10000;0.0;0.0;0.0
A;kE14E15;<50;<50;0.0;0.0;0.0
A;kE14E15;<50;50-100;179.62;122.23;40.84
A;kE14E15;<50;100-200;134.0;62.44;30.35
A;kE14E15;<50;200-500;225.61;58.04;49.9
A;kE14E15;<50;500-1000;0.0;0.0;0.0
A;kE14E15;<50;1000-5000;0.0;0.0;0.0
A;kE14E15;<50;5000-10000;0.0;0.0;0.0
A;kE14E15;<50;>10000;0.0;0.0;0.0
A;kE14E15;50-100;<50;0.0;0.0;0.0
A;kE14E15;50-100;50-100;0.0;0.0;0.0
A;kE14E15;50-100;100-200;140.44;34.13;30.39
A;kE14E15;50-100;200-500;103.49;16.17;21.74
A;kE14E15;50-100;500-1000;0.0;0.0;0.0
A;kE14E15;50-100;1000-5000;191.12;0.0;38.22
A;kE14E15;50-100;5000-10000;0.0;0.0;0.0
A;kE14E15;50-100;>10000;0.0;0.0;0.0
A;kE14E15;100-200;<50;0.0;0.0;0.0
A;kE14E15;100-200;50-100;0.0;0.0;0.0
A;kE14E15;100-200;100-200;0.0;0.0;0.0
A;kE14E15;100-200;200-500;94.72;20.22;20.11
A;kE14E15;100-200;500-1000;115.42;20.93;24.29
A;kE14E15;100-200;1000-5000;0.0;0.0;0.0
A;kE14E15;100-200;5000-10000;0.0;0.0;0.0
A;kE14E15;100-200;>10000;0.0;0.0;0.0
A;kE14E15;200-500;<50;0.0;0.0;0.0
A;kE14E15;200-500;50-100;0.0;0.0;0.0
A;kE14E15;200-500;100-200;0.0;0.0;0.0
A;kE14E15;200-500;200-500;0.0;0.0;0.0
A;kE14E15;200-500;500-1000;175.37;7.53;36.2
A;kE14E15;200-500;1000-5000;72.86;6.14;14.94
A;kE14E15;200-500;5000-10000;0.0;0.0;0.0
A;kE14E15;200-500;>10000;0.0;0.0;0.0
A;kE14E15;500-1000;<50;0.0;0.0;0.0
A;kE14E15;500-1000;50-100;0.0;0.0;0.0
A;kE14E15;500-1000;100-200;0.0;0.0;0.0
A;kE14E15;500-1000;200-500;0.0;0.0;0.0
A;kE14E15;500-1000;500-1000;0.0;0.0;0.0
A;kE14E15;500-1000;1000-5000;0.0;0.0;0.0
A;kE14E15;500-1000;5000-10000;0.0;0.0;0.0
A;kE14E15;500-1000;>10000;0.0;0.0;0.0
A;kE14E15;1000-5000;<50;0.0;0.0;0.0
A;kE14E15;1000-5000;50-100;0.0;0.0;0.0
A;kE14E15;1000-5000;100-200;0.0;0.0;0.0
A;kE14E15;1000-5000;200-500;0.0;0.0;0.0
A;kE14E15;1000-5000;500-1000;0.0;0.0;0.0
A;kE14E15;1000-5000;1000-5000;0.0;0.0;0.0
A;kE14E15;1000-5000;5000-10000;0.0;0.0;0.0
A;kE14E15;1000-5000;>10000;0.0;0.0;0.0
A;kE14E15;>5000;<50;0.0;0.0;0.0
A;kE14E15;>5000;50-100;0.0;0.0;0.0
A;kE14E15;>5000;100-200;0.0;0.0;0.0
A;kE14E15;>5000;200-500;0.0;0.0;0.0
A;kE14E15;>5000;500-1000;0.0;0.0;0.0
A;kE14E15;>5000;1000-5000;0.0;0.0;0.0
A;kE14E15;>5000;5000-10000;0.0;0.0;0.0
A;kE14E15;>5000;>10000;0.0;0.0;0.0
A;kE16;<50;<50;0.0;0.0;0.0
A;kE16;<50;50-100;0.0;0.0;0.0
A;kE16;<50;100-200;96.14;86.36;21.23
A;kE16;<50;200-500;123.02;8.06;25.8
A;kE16;<50;500-1000;0.0;0.0;0.0
A;kE16;<50;1000-5000;0.0;0.0;0.0
A;kE16;<50;5000-10000;0.0;0.0;0.0
A;kE16;<50;>10000;0.0;0.0;0.0
A;kE16;50-100;<50;0.0;0.0;0.0
A;kE16;50-100;50-100;0.0;0.0;0.0
A;kE16;50-100;100-200;58.31;28.75;12.24
A;kE16;50-100;200-500;82.12;32.04;17.53
A;kE16;50-100;500-1000;115.44;63.84;25.4
A;kE16;50-100;1000-5000;0.0;0.0;0.0
A;kE16;50-100;5000-10000;0.0;0.0;0.0
A;kE16;50-100;>10000;0.0;0.0;0.0
A;kE16;100-200;<50;0.0;0.0;0.0
A;kE16;100-200;50-100;0.0;0.0;0.0
A;kE16;100-200;100-200;0.0;0.0;0.0
A;kE16;100-200;200-500;62.84;9.32;13.28
A;kE16;100-200;500-1000;107.84;27.43;22.57
A;kE16;100-200;1000-5000;0.0;0.0;0.0
A;kE16;100-200;5000-10000;0.0;0.0;0.0
A;kE16;100-200;>10000;0.0;0.0;0.0
A;kE16;200-500;<50;0.0;0.0;0.0
A;kE16;200-500;50-100;0.0;0.0;0.0
A;kE16;200-500;100-200;0.0;0.0;0.0
A;kE16;200-500;200-500;37.88;5.43;8.38
A;kE16;200-500;500-1000;24.21;40.76;5.71
A;kE16;200-500;1000-5000;0.0;0.0;0.0
A;kE16;200-500;5000-10000;0.0;0.0;0.0
A;kE16;200-500;>10000;0.0;0.0;0.0
A;kE16;500-1000;<50;0.0;0.0;0.0
A;kE16;500-1000;50-100;0.0;0.0;0.0
A;kE16;500-1000;100-200;0.0;0.0;0.0
A;kE16;500-1000;200-500;0.0;0.0;0.0
A;kE16;500-1000;500-1000;0.0;0.0;0.0
A;kE16;500-1000;1000-5000;0.0;0.0;0.0
A;kE16;500-1000;5000-10000;0.0;0.0;0.0
A;kE16;500-1000;>10000;0.0;0.0;0.0
A;kE16;1000-5000;<50;0.0;0.0;0.0
A;kE16;1000-5000;50-100;0.0;0.0;0.0
A;kE16;1000-5000;100-200;0.0;0.0;0.0
A;kE16;1000-5000;200-500;0.0;0.0;0.0
A;kE16;1000-5000;500-1000;0.0;0.0;0.0
A;kE16;1000-5000;1000-5000;0.0;0.0;0.0
A;kE16;1000-5000;5000-10000;0.0;0.0;0.0
A;kE16;1000-5000;>10000;0.0;0.0;0.0
A;kE16;>5000;<50;0.0;0.0;0.0
A;kE16;>5000;50-100;0.0;0.0;0.0
A;kE16;>5000;100-200;0.0;0.0;0.0
A;kE16;>5000;200-500;0.0;0.0;0.0
A;kE16;>5000;500-1000;0.0;0.0;0.0
A;kE16;>5000;1000-5000;0.0;0.0;0.0
A;kE16;>5000;5000-10000;0.0;0.0;0.0
A;kE16;>5000;>10000;0.0;0.0;0.0
A;k2015;<50;<50;0.0;0.0;0.0
A;k2015;<50;50-100;0.0;0.0;0.0
A;k2015;<50;100-200;131.43;51.82;28.93
A;k2015;<50;200-500;0.0;0.0;0.0
A;k2015;<50;500-1000;0.0;0.0;0.0
A;k2015;<50;1000-5000;0.0;0.0;0.0
A;k2015;<50;5000-10000;0.0;0.0;0.0
A;k2015;<50;>10000;0.0;0.0;0.0
A;k2015;50-100;<50;0.0;0.0;0.0
A;k2015;50-100;50-100;0.0;0.0;0.0
A;k2015;50-100;100-200;125.43;46.41;29.59
A;k2015;50-100;200-500;80.83;53.39;18.46
A;k2015;50-100;500-1000;0.0;0.0;0.0
A;k2015;50-100;1000-5000;0.0;0.0;0.0
A;k2015;50-100;5000-10000;0.0;0.0;0.0
A;k2015;50-100;>10000;0.0;0.0;0.0
A;k2015;100-200;<50;0.0;0.0;0.0
A;k2015;100-200;50-100;0.0;0.0;0.0
A;k2015;100-200;100-200;0.0;0.0;0.0
A;k2015;100-200;200-500;63.99;31.95;14.54
A;k2015;100-200;500-1000;75.56;34.86;16.21
A;k2015;100-200;1000-5000;0.0;0.0;0.0
A;k2015;100-200;5000-10000;0.0;0.0;0.0
A;k2015;100-200;>10000;0.0;0.0;0.0
A;k2015;200-500;<50;0.0;0.0;0.0
A;k2015;200-500;50-100;0.0;0.0;0.0
A;k2015;200-500;100-200;0.0;0.0;0.0
A;k2015;200-500;200-500;0.0;0.0;0.0
A;k2015;200-500;500-1000;38.77;12.18;8.94
A;k2015;200-500;1000-5000;38.77;62.96;8.16
A;k2015;200-500;5000-10000;0.0;0.0;0.0
A;k2015;200-500;>10000;0.0;0.0;0.0
A;k2015;500-1000;<50;0.0;0.0;0.0
A;k2015;500-1000;50-100;0.0;0.0;0.0
A;k2015;500-1000;100-200;0.0;0.0;0.0
A;k2015;500-1000;200-500;0.0;0.0;0.0
A;k2015;500-1000;500-1000;0.0;0.0;0.0
A;k2015;500-1000;1000-5000;0.0;0.0;0.0
A;k2015;500-1000;5000-10000;0.0;0.0;0.0
A;k2015;500-1000;>10000;0.0;0.0;0.0
A;k2015;1000-5000;<50;0.0;0.0;0.0
A;k2015;1000-5000;50-100;0.0;0.0;0.0
A;k2015;1000-5000;100-200;0.0;0.0;0.0
A;k2015;1000-5000;200-500;0.0;0.0;0.0
A;k2015;1000-5000;500-1000;0.0;0.0;0.0
A;k2015;1000-5000;1000-5000;0.0;0.0;0.0
A;k2015;1000-5000;5000-10000;0.0;0.0;0.0
A;k2015;1000-5000;>10000;0.0;0.0;0.0
A;k2015;>5000;<50;0.0;0.0;0.0
A;k2015;>5000;50-100;0.0;0.0;0.0
A;k2015;>5000;100-200;0.0;0.0;0.0
A;k2015;>5000;200-500;0.0;0.0;0.0
A;k2015;>5000;500-1000;0.0;0.0;0.0
A;k2015;>5000;1000-5000;0.0;0.0;0.0
A;k2015;>5000;5000-10000;0.0;0.0;0.0
A;k2015;>5000;>10000;0.0;0.0;0.0
B;kE8E9;<50;<50;0.0;0.0;0.0
B;kE8E9;<50;50-100;217.71;19.56;44.84
B;kE8E9;<50;100-200;195.36;18.82;39.9
B;kE8E9;<50;200-500;204.97;21.41;41.68
B;kE8E9;<50;500-1000;317.85;42.28;63.99
B;kE8E9;<50;1000-5000;383.01;8.67;77.89
B;kE8E9;<50;5000-10000;0.0;0.0;0.0
B;kE8E9;<50;>10000;0.0;0.0;0.0
B;kE8E9;50-100;<50;0.0;0.0;0.0
B;kE8E9;50-100;50-100;161.0;10.05;33.36
B;kE8E9;50-100;100-200;161.53;18.87;33.98
B;kE8E9;50-100;200-500;168.47;17.33;34.5
B;kE8E9;50-100;500-1000;197.51;20.79;40.2
B;kE8E9;50-100;1000-5000;337.55;20.47;69.37
B;kE8E9;50-100;5000-10000;0.0;0.0;0.0
B;kE8E9;50-100;>10000;0.0;0.0;0.0
B;kE8E9;100-200;<50;0.0;0.0;0.0
B;kE8E9;100-200;50-100;81.81;13.82;18.11
B;kE8E9;100-200;100-200;110.94;12.15;22.81
B;kE8E9;100-200;200-500;139.85;15.41;28.89
B;kE8E9;100-200;500-1000;149.63;17.12;30.32
B;kE8E9;100-200;1000-5000;184.24;19.8;37.61
B;kE8E9;100-200;5000-10000;0.0;0.0;0.0
B;kE8E9;100-200;>10000;0.0;0.0;0.0
B;kE8E9;200-500;<50;0.0;0.0;0.0
B;kE8E9;200-500;50-100;55.29;0.59;11.15
B;kE8E9;200-500;100-200;71.22;3.27;14.05
B;kE8E9;200-500;200-500;103.28;13.24;21.59
B;kE8E9;200-500;500-1000;121.28;12.61;24.77
B;kE8E9;200-500;1000-5000;130.0;20.3;26.27
B;kE8E9;200-500;5000-10000;0.0;0.0;0.0
B;kE8E9;200-500;>10000;0.0;0.0;0.0
B;kE8E9;500-1000;<50;0.0;0.0;0.0
B;kE8E9;500-1000;50-100;0.0;0.0;0.0
B;kE8E9;500-1000;100-200;0.0;0.0;0.0
B;kE8E9;500-1000;200-500;51.92;6.03;11.28
B;kE8E9;500-1000;500-1000;36.35;0.17;7.3
B;kE8E9;500-1000;1000-5000;79.2;8.6;16.56
B;kE8E9;500-1000;5000-10000;0.0;0.0;0.0
B;kE8E9;500-1000;>10000;0.0;0.0;0.0
B;kE8E9;1000-5000;<50;0.0;0.0;0.0
B;kE8E9;1000-5000;50-100;0.0;0.0;0.0
B;kE8E9;1000-5000;100-200;0.0;0.0;0.0
B;kE8E9;1000-5000;200-500;0.0;0.0;0.0
B;kE8E9;1000-5000;500-1000;0.0;0.0;0.0
B;kE8E9;1000-5000;1000-5000;0.0;0.0;0.0
B;kE8E9;1000-5000;5000-10000;0.0;0.0;0.0
B;kE8E9;1000-5000;>10000;0.0;0.0;0.0
B;kE8E9;>5000;<50;0.0;0.0;0.0
B;kE8E9;>5000;50-100;0.0;0.0;0.0
B;kE8E9;>5000;100-200;0.0;0.0;0.0
B;kE8E9;>5000;200-500;0.0;0.0;0.0
B;kE8E9;>5000;500-1000;0.0;0.0;0.0
B;kE8E9;>5000;1000-5000;0.0;0.0;0.0
B;kE8E9;>5000;5000-10000;0.0;0.0;0.0
B;kE8E9;>5000;>10000;0.0;0.0;0.0
B;kE10E11;<50;<50;0.0;0.0;0.0
B;kE10E11;<50;50-100;218.96;18.38;45.15
B;kE10E11;<50;100-200;176.19;19.04;36.21
B;kE10E11;<50;200-500;199.65;22.12;40.58
B;kE10E11;<50;500-1000;326.92;10.91;66.88
B;kE10E11;<50;1000-5000;228.59;18.33;48.45
B;kE10E11;<50;5000-10000;0.0;0.0;0.0
B;kE10E11;<50;>10000;0.0;0.0;0.0
B;kE10E11;50-100;<50;0.0;0.0;0.0
B;kE10E11;50-100;50-100;139.57;16.66;29.58
B;kE10E11;50-100;100-200;150.13;16.15;31.68
B;kE10E11;50-100;200-500;149.6;16.21;30.74
B;kE10E11;50-100;500-1000;203.88;20.83;41.71
B;kE10E11;50-100;1000-5000;328.0;9.41;67.01
B;kE10E11;50-100;5000-10000;0.0;0.0;0.0
B;kE10E11;50-100;>10000;0.0;0.0;0.0
B;kE10E11;100-200;<50;0.0;0.0;0.0
B;kE10E11;100-200;50-100;117.94;23.37;25.22
B;kE10E11;100-200;100-200;113.3;10.57;23.79
B;kE10E11;100-200;200-500;123.95;13.52;25.54
B;kE10E11;100-200;500-1000;130.63;15.59;26.51
B;kE10E11;100-200;1000-5000;199.91;24.16;41.52
B;kE10E11;100-200;5000-10000;0.0;0.0;0.0
B;kE10E11;100-200;>10000;0.0;0.0;0.0
B;kE10E11;200-500;<50;0.0;0.0;0.0
B;kE10E11;200-500;50-100;0.0;0.0;0.0
B;kE10E11;200-500;100-200;82.26;9.83;18.3
B;kE10E11;200-500;200-500;110.1;5.19;22.47
B;kE10E11;200-500;500-1000;115.44;14.82;23.73
B;kE10E11;200-500;1000-5000;122.42;19.13;24.35
B;kE10E11;200-500;5000-10000;0.0;0.0;0.0
B;kE10E11;200-500;>10000;0.0;0.0;0.0
B;kE10E11;500-1000;<50;0.0;0.0;0.0
B;kE10E11;500-1000;50-100;0.0;0.0;0.0
B;kE10E11;500-1000;100-200;0.0;0.0;0.0
B;kE10E11;500-1000;200-500;25.23;9.61;5.57
B;kE10E11;500-1000;500-1000;0.0;0.0;0.0
B;kE10E11;500-1000;1000-5000;85.59;12.67;18.23
B;kE10E11;500-1000;5000-10000;0.0;0.0;0.0
B;kE10E11;500-1000;>10000;0.0;0.0;0.0
B;kE10E11;1000-5000;<50;0.0;0.0;0.0
B;kE10E11;1000-5000;50-100;0.0;0.0;0.0
B;kE10E11;1000-5000;100-200;0.0;0.0;0.0
B;kE10E11;1000-5000;200-500;0.0;0.0;0.0
B;kE10E11;1000-5000;500-1000;0.0;0.0;0.0
B;kE10E11;1000-5000;1000-5000;0.0;0.0;0.0
B;kE10E11;1000-5000;5000-10000;0.0;0.0;0.0
B;kE10E11;1000-5000;>10000;0.0;0.0;0.0
B;kE10E11;>5000;<50;0.0;0.0;0.0
B;kE10E11;>5000;50-100;0.0;0.0;0.0
B;kE10E11;>5000;100-200;0.0;0.0;0.0
B;kE10E11;>5000;200-500;0.0;0.0;0.0
B;kE10E11;>5000;500-1000;0.0;0.0;0.0
B;kE10E11;>5000;1000-5000;0.0;0.0;0.0
B;kE10E11;>5000;5000-10000;0.0;0.0;0.0
B;kE10E11;>5000;>10000;0.0;0.0;0.0
B;kE12E13;<50;<50;0.0;0.0;0.0
B;kE12E13;<50;50-100;203.23;22.16;42.26
B;kE12E13;<50;100-200;174.52;19.3;36.15
B;kE12E13;<50;200-500;205.43;25.35;42.21
B;kE12E13;<50;500-1000;376.68;13.5;77.73
B;kE12E13;<50;1000-5000;403.05;97.15;95.04
B;kE12E13;<50;5000-10000;0.0;0.0;0.0
B;kE12E13;<50;>10000;0.0;0.0;0.0
B;kE12E13;50-100;<50;0.0;0.0;0.0
B;kE12E13;50-100;50-100;142.46;15.99;29.64
B;kE12E13;50-100;100-200;147.23;16.63;30.92
B;kE12E13;50-100;200-500;146.53;17.51;30.04
B;kE12E13;50-100;500-1000;209.24;24.05;43.41
B;kE12E13;50-100;1000-5000;356.59;16.89;73.64
B;kE12E13;50-100;5000-10000;0.0;0.0;0.0
B;kE12E13;50-100;>10000;0.0;0.0;0.0
B;kE12E13;100-200;<50;0.0;0.0;0.0
B;kE12E13;100-200;50-100;143.09;15.2;30.39
B;kE12E13;100-200;100-200;113.22;12.61;23.62
B;kE12E13;100-200;200-500;122.58;14.08;25.17
B;kE12E13;100-200;500-1000;130.52;17.77;26.53
B;kE12E13;100-200;1000-5000;203.35;19.49;42.23
B;kE12E13;100-200;5000-10000;0.0;0.0;0.0
B;kE12E13;100-200;>10000;0.0;0.0;0.0
B;kE12E13;200-500;<50;0.0;0.0;0.0
B;kE12E13;200-500;50-100;0.0;0.0;0.0
B;kE12E13;200-500;100-200;83.92;7.98;17.97
B;kE12E13;200-500;200-500;115.72;8.54;23.02
B;kE12E13;200-500;500-1000;112.61;18.96;22.77
B;kE12E13;200-500;1000-5000;115.48;19.53;23.33
B;kE12E13;200-500;5000-10000;0.0;0.0;0.0
B;kE12E13;200-500;>10000;0.0;0.0;0.0
B;kE12E13;500-1000;<50;0.0;0.0;0.0
B;kE12E13;500-1000;50-100;0.0;0.0;0.0
B;kE12E13;500-1000;100-200;0.0;0.0;0.0
B;kE12E13;500-1000;200-500;43.57;2.92;8.94
B;kE12E13;500-1000;500-1000;33.08;0.0;6.61
B;kE12E13;500-1000;1000-5000;86.63;15.11;17.02
B;kE12E13;500-1000;5000-10000;0.0;0.0;0.0
B;kE12E13;500-1000;>10000;0.0;0.0;0.0
B;kE12E13;1000-5000;<50;0.0;0.0;0.0
B;kE12E13;1000-5000;50-100;0.0;0.0;0.0
B;kE12E13;1000-5000;100-200;0.0;0.0;0.0
B;kE12E13;1000-5000;200-500;0.0;0.0;0.0
B;kE12E13;1000-5000;500-1000;0.0;0.0;0.0
B;kE12E13;1000-5000;1000-5000;0.0;0.0;0.0
B;kE12E13;1000-5000;5000-10000;0.0;0.0;0.0
B;kE12E13;1000-5000;>10000;0.0;0.0;0.0
B;kE12E13;>5000;<50;0.0;0.0;0.0
B;kE12E13;>5000;50-100;0.0;0.0;0.0
B;kE12E13;>5000;100-200;0.0;0.0;0.0
B;kE12E13;>5000;200-500;0.0;0.0;0.0
B;kE12E13;>5000;500-1000;0.0;0.0;0.0
B;kE12E13;>5000;1000-5000;0.0;0.0;0.0
B;kE12E13;>5000;5000-10000;0.0;0.0;0.0
B;kE12E13;>5000;>10000;0.0;0.0;0.0
B;kE14E15;<50;<50;0.0;0.0;0.0
B;kE14E15;<50;50-100;196.11;21.37;40.45
B;kE14E15;<50;100-200;159.6;22.22;33.1
B;kE14E15;<50;200-500;203.13;31.45;41.4
B;kE14E15;<50;500-1000;349.94;2.91;70.42
B;kE14E15;<50;1000-5000;297.25;28.41;61.4
B;kE14E15;<50;5000-10000;0.0;0.0;0.0
B;kE14E15;<50;>10000;0.0;0.0;0.0
B;kE14E15;50-100;<50;0.0;0.0;0.0
B;kE14E15;50-100;50-100;126.28;26.73;22.96
B;kE14E15;50-100;100-200;136.91;19.31;28.9
B;kE14E15;50-100;200-500;138.36;17.55;28.31
B;kE14E15;50-100;500-1000;197.28;24.82;41.0
B;kE14E15;50-100;1000-5000;269.93;10.2;55.0
B;kE14E15;50-100;5000-10000;0.0;0.0;0.0
B;kE14E15;50-100;>10000;0.0;0.0;0.0
B;kE14E15;100-200;<50;0.0;0.0;0.0
B;kE14E15;100-200;50-100;103.98;0.0;20.36
B;kE14E15;100-200;100-200;116.71;9.16;25.31
B;kE14E15;100-200;200-500;112.87;14.67;23.19
B;kE14E15;100-200;500-1000;121.16;21.83;24.75
B;kE14E15;100-200;1000-5000;157.83;12.61;32.66
B;kE14E15;100-200;5000-10000;0.0;0.0;0.0
B;kE14E15;100-200;>10000;0.0;0.0;0.0
B;kE14E15;200-500;<50;0.0;0.0;0.0
B;kE14E15;200-500;50-100;0.0;0.0;0.0
B;kE14E15;200-500;100-200;98.41;9.3;21.07
B;kE14E15;200-500;200-500;78.18;11.49;17.41
B;kE14E15;200-500;500-1000;102.27;19.84;20.86
B;kE14E15;200-500;1000-5000;97.89;22.09;19.88
B;kE14E15;200-500;5000-10000;0.0;0.0;0.0
B;kE14E15;200-500;>10000;0.0;0.0;0.0
B;kE14E15;500-1000;<50;0.0;0.0;0.0
B;kE14E15;500-1000;50-100;0.0;0.0;0.0
B;kE14E15;500-1000;100-200;0.0;0.0;0.0
B;kE14E15;500-1000;200-500;0.0;0.0;0.0
B;kE14E15;500-1000;500-1000;0.0;0.0;0.0
B;kE14E15;500-1000;1000-5000;81.2;14.63;15.17
B;kE14E15;500-1000;5000-10000;0.0;0.0;0.0
B;kE14E15;500-1000;>10000;0.0;0.0;0.0
B;kE14E15;1000-5000;<50;0.0;0.0;0.0
B;kE14E15;1000-5000;50-100;0.0;0.0;0.0
B;kE14E15;1000-5000;100-200;0.0;0.0;0.0
B;kE14E15;1000-5000;200-500;0.0;0.0;0.0
B;kE14E15;1000-5000;500-1000;0.0;0.0;0.0
B;kE14E15;1000-5000;1000-5000;0.0;0.0;0.0
B;kE14E15;1000-5000;5000-10000;0.0;0.0;0.0
B;kE14E15;1000-5000;>10000;0.0;0.0;0.0
B;kE14E15;>5000;<50;0.0;0.0;0.0
B;kE14E15;>5000;50-100;0.0;0.0;0.0
B;kE14E15;>5000;100-200;0.0;0.0;0.0
B;kE14E15;>5000;200-500;0.0;0.0;0.0
B;kE14E15;>5000;500-1000;0.0;0.0;0.0
B;kE14E15;>5000;1000-5000;0.0;0.0;0.0
B;kE14E15;>5000;5000-10000;0.0;0.0;0.0
B;kE14E15;>5000;>10000;0.0;0.0;0.0
B;kE16;<50;<50;0.0;0.0;0.0
B;kE16;<50;50-100;165.88;19.81;35.35
B;kE16;<50;100-200;146.21;25.5;30.76
B;kE16;<50;200-500;167.23;24.43;34.38
B;kE16;<50;500-1000;155.15;87.3;33.54
B;kE16;<50;1000-5000;0.0;0.0;0.0
B;kE16;<50;5000-10000;0.0;0.0;0.0
B;kE16;<50;>10000;0.0;0.0;0.0
B;kE16;50-100;<50;0.0;0.0;0.0
B;kE16;50-100;50-100;160.03;0.35;34.2
B;kE16;50-100;100-200;137.28;18.56;27.78
B;kE16;50-100;200-500;121.2;18.07;25.02
B;kE16;50-100;500-1000;167.74;27.85;35.77
B;kE16;50-100;1000-5000;218.51;21.03;46.83
B;kE16;50-100;5000-10000;0.0;0.0;0.0
B;kE16;50-100;>10000;0.0;0.0;0.0
B;kE16;100-200;<50;0.0;0.0;0.0
B;kE16;100-200;50-100;93.27;4.81;18.18
B;kE16;100-200;100-200;91.58;10.24;21.13
B;kE16;100-200;200-500;102.91;16.09;21.32
B;kE16;100-200;500-1000;105.28;20.19;21.69
B;kE16;100-200;1000-5000;158.44;19.04;32.92
B;kE16;100-200;5000-10000;0.0;0.0;0.0
B;kE16;100-200;>10000;0.0;0.0;0.0
B;kE16;200-500;<50;0.0;0.0;0.0
B;kE16;200-500;50-100;0.0;0.0;0.0
B;kE16;200-500;100-200;101.72;0.43;25.07
B;kE16;200-500;200-500;57.43;7.81;11.52
B;kE16;200-500;500-1000;93.1;24.96;18.93
B;kE16;200-500;1000-5000;87.59;15.53;17.68
B;kE16;200-500;5000-10000;0.0;0.0;0.0
B;kE16;200-500;>10000;0.0;0.0;0.0
B;kE16;500-1000;<50;0.0;0.0;0.0
B;kE16;500-1000;50-100;0.0;0.0;0.0
B;kE16;500-1000;100-200;0.0;0.0;0.0
B;kE16;500-1000;200-500;41.19;1.38;8.44
B;kE16;500-1000;500-1000;132.68;1.03;26.69
B;kE16;500-1000;1000-5000;83.91;19.65;14.39
B;kE16;500-1000;5000-10000;0.0;0.0;0.0
B;kE16;500-1000;>10000;0.0;0.0;0.0
B;kE16;1000-5000;<50;0.0;0.0;0.0
B;kE16;1000-5000;50-100;0.0;0.0;0.0
B;kE16;1000-5000;100-200;0.0;0.0;0.0
B;kE16;1000-5000;200-500;0.0;0.0;0.0
B;kE16;1000-5000;500-1000;0.0;0.0;0.0
B;kE16;1000-5000;1000-5000;0.0;0.0;0.0
B;kE16;1000-5000;5000-10000;0.0;0.0;0.0
B;kE16;1000-5000;>10000;0.0;0.0;0.0
B;kE16;>5000;<50;0.0;0.0;0.0
B;kE16;>5000;50-100;0.0;0.0;0.0
B;kE16;>5000;100-200;0.0;0.0;0.0
B;kE16;>5000;200-500;0.0;0.0;0.0
B;kE16;>5000;500-1000;0.0;0.0;0.0
B;kE16;>5000;1000-5000;0.0;0.0;0.0
B;kE16;>5000;5000-10000;0.0;0.0;0.0
B;kE16;>5000;>10000;0.0;0.0;0.0
B;k2015;<50;<50;0.0;0.0;0.0
B;k2015;<50;50-100;118.21;40.71;25.27
B;k2015;<50;100-200;95.23;35.91;20.14
B;k2015;<50;200-500;71.4;39.78;14.5
B;k2015;<50;500-1000;47.93;0.0;9.59
B;k2015;<50;1000-5000;0.0;0.0;0.0
B;k2015;<50;5000-10000;0.0;0.0;0.0
B;k2015;<50;>10000;0.0;0.0;0.0
B;k2015;50-100;<50;0.0;0.0;0.0
B;k2015;50-100;50-100;135.58;17.62;29.41
B;k2015;50-100;100-200;92.08;36.38;20.16
B;k2015;50-100;200-500;83.82;24.66;17.37
B;k2015;50-100;500-1000;108.81;40.44;22.84
B;k2015;50-100;1000-5000;154.98;11.78;32.01
B;k2015;50-100;5000-10000;0.0;0.0;0.0
B;k2015;50-100;>10000;0.0;0.0;0.0
B;k2015;100-200;<50;0.0;0.0;0.0
B;k2015;100-200;50-100;0.0;0.0;0.0
B;k2015;100-200;100-200;79.3;2.97;16.02
B;k2015;100-200;200-500;74.99;21.26;15.54
B;k2015;100-200;500-1000;71.07;30.18;14.8
B;k2015;100-200;1000-5000;77.58;47.43;16.71
B;k2015;100-200;5000-10000;0.0;0.0;0.0
B;k2015;100-200;>10000;0.0;0.0;0.0
B;k2015;200-500;<50;0.0;0.0;0.0
B;k2015;200-500;50-100;0.0;0.0;0.0
B;k2015;200-500;100-200;58.24;4.14;11.95
B;k2015;200-500;200-500;54.14;15.51;17.84
B;k2015;200-500;500-1000;67.66;30.24;14.25
B;k2015;200-500;1000-5000;61.55;24.19;12.72
B;k2015;200-500;5000-10000;0.0;0.0;0.0
B;k2015;200-500;>10000;0.0;0.0;0.0
B;k2015;500-1000;<50;0.0;0.0;0.0
B;k2015;500-1000;50-100;0.0;0.0;0.0
B;k2015;500-1000;100-200;0.0;0.0;0.0
B;k2015;500-1000;200-500;0.0;0.0;0.0
B;k2015;500-1000;500-1000;0.0;0.0;0.0
B;k2015;500-1000;1000-5000;48.66;8.86;10.17
B;k2015;500-1000;5000-10000;0.0;0.0;0.0
B;k2015;500-1000;>10000;0.0;0.0;0.0
B;k2015;1000-5000;<50;0.0;0.0;0.0
B;k2015;1000-5000;50-100;0.0;0.0;0.0
B;k2015;1000-5000;100-200;0.0;0.0;0.0
B;k2015;1000-5000;200-500;0.0;0.0;0.0
B;k2015;1000-5000;500-1000;0.0;0.0;0.0
B;k2015;1000-5000;1000-5000;0.0;0.0;0.0
B;k2015;1000-5000;5000-10000;0.0;0.0;0.0
B;k2015;1000-5000;>10000;0.0;0.0;0.0
B;k2015;>5000;<50;0.0;0.0;0.0
B;k2015;>5000;50-100;0.0;0.0;0.0
B;k2015;>5000;100-200;0.0;0.0;0.0
B;k2015;>5000;200-500;0.0;0.0;0.0
B;k2015;>5000;500-1000;0.0;0.0;0.0
B;k2015;>5000;1000-5000;0.0;0.0;0.0
B;k2015;>5000;5000-10000;0.0;0.0;0.0
B;k2015;>5000;>10000;0.0;0.0;0.0
C;kE8E9;<50;<50;0.0;0.0;0.0
C;kE8E9;<50;50-100;246.08;16.19;49.02
C;kE8E9;<50;100-200;216.67;19.75;43.49
C;kE8E9;<50;200-500;230.23;18.4;45.98
C;kE8E9;<50;500-1000;345.13;18.21;69.68
C;kE8E9;<50;1000-5000;300.45;5.81;60.66
C;kE8E9;<50;5000-10000;0.0;0.0;0.0
C;kE8E9;<50;>10000;0.0;0.0;0.0
C;kE8E9;50-100;<50;0.0;0.0;0.0
C;kE8E9;50-100;50-100;193.23;13.23;40.53
C;kE8E9;50-100;100-200;181.52;17.19;36.59
C;kE8E9;50-100;200-500;198.06;16.81;39.71
C;kE8E9;50-100;500-1000;228.62;16.94;45.75
C;kE8E9;50-100;1000-5000;334.94;20.69;68.19
C;kE8E9;50-100;5000-10000;0.0;0.0;0.0
C;kE8E9;50-100;>10000;0.0;0.0;0.0
C;kE8E9;100-200;<50;0.0;0.0;0.0
C;kE8E9;100-200;50-100;150.78;2.22;29.06
C;kE8E9;100-200;100-200;157.61;12.84;32.26
C;kE8E9;100-200;200-500;163.45;14.62;32.84
C;kE8E9;100-200;500-1000;183.08;17.96;36.7
C;kE8E9;100-200;1000-5000;201.4;25.67;41.09
C;kE8E9;100-200;5000-10000;0.0;0.0;0.0
C;kE8E9;100-200;>10000;0.0;0.0;0.0
C;kE8E9;200-500;<50;0.0;0.0;0.0
C;kE8E9;200-500;50-100;414.12;93.93;89.58
C;kE8E9;200-500;100-200;148.9;0.81;30.01
C;kE8E9;200-500;200-500;101.97;13.71;20.64
C;kE8E9;200-500;500-1000;151.74;15.64;30.69
C;kE8E9;200-500;1000-5000;164.84;19.87;33.14
C;kE8E9;200-500;5000-10000;0.0;0.0;0.0
C;kE8E9;200-500;>10000;0.0;0.0;0.0
C;kE8E9;500-1000;<50;0.0;0.0;0.0
C;kE8E9;500-1000;50-100;0.0;0.0;0.0
C;kE8E9;500-1000;100-200;0.0;0.0;0.0
C;kE8E9;500-1000;200-500;34.07;3.35;7.31
C;kE8E9;500-1000;500-1000;39.55;35.28;9.33
C;kE8E9;500-1000;1000-5000;124.01;5.74;24.59
C;kE8E9;500-1000;5000-10000;0.0;0.0;0.0
C;kE8E9;500-1000;>10000;0.0;0.0;0.0
C;kE8E9;1000-5000;<50;0.0;0.0;0.0
C;kE8E9;1000-5000;50-100;0.0;0.0;0.0
C;kE8E9;1000-5000;100-200;0.0;0.0;0.0
C;kE8E9;1000-5000;200-500;0.0;0.0;0.0
C;kE8E9;1000-5000;500-1000;0.0;0.0;0.0
C;kE8E9;1000-5000;1000-5000;0.0;0.0;0.0
C;kE8E9;1000-5000;5000-10000;0.0;0.0;0.0
C;kE8E9;1000-5000;>10000;0.0;0.0;0.0
C;kE8E9;>5000;<50;0.0;0.0;0.0
C;kE8E9;>5000;50-100;0.0;0.0;0.0
C;kE8E9;>5000;100-200;0.0;0.0;0.0
C;kE8E9;>5000;200-500;0.0;0.0;0.0
C;kE8E9;>5000;500-1000;0.0;0.0;0.0
C;kE8E9;>5000;1000-5000;0.0;0.0;0.0
C;kE8E9;>5000;5000-10000;0.0;0.0;0.0
C;kE8E9;>5000;>10000;0.0;0.0;0.0
C;kE10E11;<50;<50;0.0;0.0;0.0
C;kE10E11;<50;50-100;227.78;19.28;45.62
C;kE10E11;<50;100-200;189.11;18.32;38.25
C;kE10E11;<50;200-500;229.78;19.59;45.96
C;kE10E11;<50;500-1000;356.78;12.28;73.02
C;kE10E11;<50;1000-5000;163.05;52.33;36.33
C;kE10E11;<50;5000-10000;0.0;0.0;0.0
C;kE10E11;<50;>10000;0.0;0.0;0.0
C;kE10E11;50-100;<50;0.0;0.0;0.0
C;kE10E11;50-100;50-100;176.51;10.07;35.38
C;kE10E11;50-100;100-200;162.39;14.4;32.94
C;kE10E11;50-100;200-500;173.04;13.18;34.69
C;kE10E11;50-100;500-1000;248.49;18.13;50.13
C;kE10E11;50-100;1000-5000;317.22;14.32;64.4
C;kE10E11;50-100;5000-10000;0.0;0.0;0.0
C;kE10E11;50-100;>10000;0.0;0.0;0.0
C;kE10E11;100-200;<50;0.0;0.0;0.0
C;kE10E11;100-200;50-100;180.29;10.99;35.26
C;kE10E11;100-200;100-200;159.52;8.26;32.37
C;kE10E11;100-200;200-500;147.78;10.76;29.63
C;kE10E11;100-200;500-1000;167.74;15.19;33.57
C;kE10E11;100-200;1000-5000;226.16;26.8;46.54
C;kE10E11;100-200;5000-10000;0.0;0.0;0.0
C;kE10E11;100-200;>10000;0.0;0.0;0.0
C;kE10E11;200-500;<50;0.0;0.0;0.0
C;kE10E11;200-500;50-100;167.08;1.29;34.59
C;kE10E11;200-500;100-200;158.81;21.55;32.17
C;kE10E11;200-500;200-500;117.21;8.41;23.62
C;kE10E11;200-500;500-1000;143.1;16.32;29.05
C;kE10E11;200-500;1000-5000;143.59;19.9;28.77
C;kE10E11;200-500;5000-10000;0.0;0.0;0.0
C;kE10E11;200-500;>10000;0.0;0.0;0.0
C;kE10E11;500-1000;<50;0.0;0.0;0.0
C;kE10E11;500-1000;50-100;0.0;0.0;0.0
C;kE10E11;500-1000;100-200;0.0;0.0;0.0
C;kE10E11;500-1000;200-500;57.49;4.72;11.95
C;kE10E11;500-1000;500-1000;45.64;0.0;9.13
C;kE10E11;500-1000;1000-5000;89.02;18.06;18.26
C;kE10E11;500-1000;5000-10000;0.0;0.0;0.0
C;kE10E11;500-1000;>10000;0.0;0.0;0.0
C;kE10E11;1000-5000;<50;0.0;0.0;0.0
C;kE10E11;1000-5000;50-100;0.0;0.0;0.0
C;kE10E11;1000-5000;100-200;0.0;0.0;0.0
C;kE10E11;1000-5000;200-500;0.0;0.0;0.0
C;kE10E11;1000-5000;500-1000;0.0;0.0;0.0
C;kE10E11;1000-5000;1000-5000;0.0;0.0;0.0
C;kE10E11;1000-5000;5000-10000;0.0;0.0;0.0
C;kE10E11;1000-5000;>10000;0.0;0.0;0.0
C;kE10E11;>5000;<50;0.0;0.0;0.0
C;kE10E11;>5000;50-100;0.0;0.0;0.0
C;kE10E11;>5000;100-200;0.0;0.0;0.0
C;kE10E11;>5000;200-500;0.0;0.0;0.0
C;kE10E11;>5000;500-1000;0.0;0.0;0.0
C;kE10E11;>5000;1000-5000;0.0;0.0;0.0
C;kE10E11;>5000;5000-10000;0.0;0.0;0.0
C;kE10E11;>5000;>10000;0.0;0.0;0.0
C;kE12E13;<50;<50;0.0;0.0;0.0
C;kE12E13;<50;50-100;213.06;20.44;43.19
C;kE12E13;<50;100-200;188.09;17.32;38.13
C;kE12E13;<50;200-500;238.17;19.55;47.7
C;kE12E13;<50;500-1000;327.56;6.23;66.21
C;kE12E13;<50;1000-5000;273.49;25.03;58.42
C;kE12E13;<50;5000-10000;0.0;0.0;0.0
C;kE12E13;<50;>10000;0.0;0.0;0.0
C;kE12E13;50-100;<50;0.0;0.0;0.0
C;kE12E13;50-100;50-100;171.35;18.05;35.68
C;kE12E13;50-100;100-200;166.71;13.97;33.76
C;kE12E13;50-100;200-500;168.04;14.19;33.81
C;kE12E13;50-100;500-1000;256.89;17.11;51.93
C;kE12E13;50-100;1000-5000;318.4;15.18;64.97
C;kE12E13;50-100;5000-10000;0.0;0.0;0.0
C;kE12E13;50-100;>10000;0.0;0.0;0.0
C;kE12E13;100-200;<50;0.0;0.0;0.0
C;kE12E13;100-200;50-100;138.48;21.19;28.13
C;kE12E13;100-200;100-200;152.34;10.71;30.95
C;kE12E13;100-200;200-500;145.32;12.51;29.26
C;kE12E13;100-200;500-1000;156.78;18.23;31.61
C;kE12E13;100-200;1000-5000;232.83;21.97;47.82
C;kE12E13;100-200;5000-10000;0.0;0.0;0.0
C;kE12E13;100-200;>10000;0.0;0.0;0.0
C;kE12E13;200-500;<50;0.0;0.0;0.0
C;kE12E13;200-500;50-100;0.0;0.0;0.0
C;kE12E13;200-500;100-200;124.24;18.98;24.6
C;kE12E13;200-500;200-500;129.3;11.52;26.71
C;kE12E13;200-500;500-1000;134.5;18.08;27.08
C;kE12E13;200-500;1000-5000;133.33;19.86;26.79
C;kE12E13;200-500;5000-10000;0.0;0.0;0.0
C;kE12E13;200-500;>10000;0.0;0.0;0.0
C;kE12E13;500-1000;<50;0.0;0.0;0.0
C;kE12E13;500-1000;50-100;0.0;0.0;0.0
C;kE12E13;500-1000;100-200;0.0;0.0;0.0
C;kE12E13;500-1000;200-500;67.53;1.74;13.61
C;kE12E13;500-1000;500-1000;38.35;1.62;7.76
C;kE12E13;500-1000;1000-5000;84.81;9.2;17.51
C;kE12E13;500-1000;5000-10000;0.0;0.0;0.0
C;kE12E13;500-1000;>10000;0.0;0.0;0.0
C;kE12E13;1000-5000;<50;0.0;0.0;0.0
C;kE12E13;1000-5000;50-100;0.0;0.0;0.0
C;kE12E13;1000-5000;100-200;0.0;0.0;0.0
C;kE12E13;1000-5000;200-500;0.0;0.0;0.0
C;kE12E13;1000-5000;500-1000;0.0;0.0;0.0
C;kE12E13;1000-5000;1000-5000;0.0;0.0;0.0
C;kE12E13;1000-5000;5000-10000;0.0;0.0;0.0
C;kE12E13;1000-5000;>10000;0.0;0.0;0.0
C;kE12E13;>5000;<50;0.0;0.0;0.0
C;kE12E13;>5000;50-100;0.0;0.0;0.0
C;kE12E13;>5000;100-200;0.0;0.0;0.0
C;kE12E13;>5000;200-500;0.0;0.0;0.0
C;kE12E13;>5000;500-1000;0.0;0.0;0.0
C;kE12E13;>5000;1000-5000;0.0;0.0;0.0
C;kE12E13;>5000;5000-10000;0.0;0.0;0.0
C;kE12E13;>5000;>10000;0.0;0.0;0.0
C;kE14E15;<50;<50;0.0;0.0;0.0
C;kE14E15;<50;50-100;232.78;28.71;48.07
C;kE14E15;<50;100-200;168.69;18.11;34.23
C;kE14E15;<50;200-500;220.42;19.97;43.94
C;kE14E15;<50;500-1000;372.32;3.97;75.02
C;kE14E15;<50;1000-5000;0.0;0.0;0.0
C;kE14E15;<50;5000-10000;0.0;0.0;0.0
C;kE14E15;<50;>10000;0.0;0.0;0.0
C;kE14E15;50-100;<50;0.0;0.0;0.0
C;kE14E15;50-100;50-100;194.27;14.27;37.6
C;kE14E15;50-100;100-200;149.81;12.76;30.59
C;kE14E15;50-100;200-500;146.21;11.97;29.32
C;kE14E15;50-100;500-1000;229.59;22.85;46.55
C;kE14E15;50-100;1000-5000;301.15;12.52;61.47
C;kE14E15;50-100;5000-10000;0.0;0.0;0.0
C;kE14E15;50-100;>10000;0.0;0.0;0.0
C;kE14E15;100-200;<50;0.0;0.0;0.0
C;kE14E15;100-200;50-100;267.65;87.71;60.92
C;kE14E15;100-200;100-200;136.38;10.41;27.63
C;kE14E15;100-200;200-500;130.11;12.38;26.23
C;kE14E15;100-200;500-1000;137.46;20.64;27.74
C;kE14E15;100-200;1000-5000;218.98;23.03;45.24
C;kE14E15;100-200;5000-10000;0.0;0.0;0.0
C;kE14E15;100-200;>10000;0.0;0.0;0.0
C;kE14E15;200-500;<50;0.0;0.0;0.0
C;kE14E15;200-500;50-100;0.0;0.0;0.0
C;kE14E15;200-500;100-200;41.12;0.0;8.22
C;kE14E15;200-500;200-500;96.35;14.53;18.82
C;kE14E15;200-500;500-1000;117.66;20.45;23.74
C;kE14E15;200-500;1000-5000;111.13;18.57;22.49
C;kE14E15;200-500;5000-10000;0.0;0.0;0.0
C;kE14E15;200-500;>10000;0.0;0.0;0.0
C;kE14E15;500-1000;<50;0.0;0.0;0.0
C;kE14E15;500-1000;50-100;0.0;0.0;0.0
C;kE14E15;500-1000;100-200;0.0;0.0;0.0
C;kE14E15;500-1000;200-500;28.64;3.14;6.2
C;kE14E15;500-1000;500-1000;0.0;0.0;0.0
C;kE14E15;500-1000;1000-5000;81.82;10.31;17.18
C;kE14E15;500-1000;5000-10000;0.0;0.0;0.0
C;kE14E15;500-1000;>10000;0.0;0.0;0.0
C;kE14E15;1000-5000;<50;0.0;0.0;0.0
C;kE14E15;1000-5000;50-100;0.0;0.0;0.0
C;kE14E15;1000-5000;100-200;0.0;0.0;0.0
C;kE14E15;1000-5000;200-500;0.0;0.0;0.0
C;kE14E15;1000-5000;500-1000;0.0;0.0;0.0
C;kE14E15;1000-5000;1000-5000;0.0;0.0;0.0
C;kE14E15;1000-5000;5000-10000;0.0;0.0;0.0
C;kE14E15;1000-5000;>10000;0.0;0.0;0.0
C;kE14E15;>5000;<50;0.0;0.0;0.0
C;kE14E15;>5000;50-100;0.0;0.0;0.0
C;kE14E15;>5000;100-200;0.0;0.0;0.0
C;kE14E15;>5000;200-500;0.0;0.0;0.0
C;kE14E15;>5000;500-1000;0.0;0.0;0.0
C;kE14E15;>5000;1000-5000;0.0;0.0;0.0
C;kE14E15;>5000;5000-10000;0.0;0.0;0.0
C;kE14E15;>5000;>10000;0.0;0.0;0.0
C;kE16;<50;<50;0.0;0.0;0.0
C;kE16;<50;50-100;184.15;23.61;38.4
C;kE16;<50;100-200;132.01;22.15;27.12
C;kE16;<50;200-500;162.21;27.02;33.48
C;kE16;<50;500-1000;169.6;22.71;35.28
C;kE16;<50;1000-5000;24.73;53.22;5.41
C;kE16;<50;5000-10000;0.0;0.0;0.0
C;kE16;<50;>10000;0.0;0.0;0.0
C;kE16;50-100;<50;0.0;0.0;0.0
C;kE16;50-100;50-100;124.99;4.6;26.25
C;kE16;50-100;100-200;120.25;12.75;24.72
C;kE16;50-100;200-500;116.92;13.56;23.73
C;kE16;50-100;500-1000;135.68;21.67;30.22
C;kE16;50-100;1000-5000;200.88;15.71;40.84
C;kE16;50-100;5000-10000;0.0;0.0;0.0
C;kE16;50-100;>10000;0.0;0.0;0.0
C;kE16;100-200;<50;0.0;0.0;0.0
C;kE16;100-200;50-100;151.39;6.81;32.37
C;kE16;100-200;100-200;90.07;4.87;18.69
C;kE16;100-200;200-500;107.58;14.51;21.83
C;kE16;100-200;500-1000;108.73;24.85;22.15
C;kE16;100-200;1000-5000;136.59;20.66;28.48
C;kE16;100-200;5000-10000;0.0;0.0;0.0
C;kE16;100-200;>10000;0.0;0.0;0.0
C;kE16;200-500;<50;0.0;0.0;0.0
C;kE16;200-500;50-100;0.0;0.0;0.0
C;kE16;200-500;100-200;179.94;24.81;68.07
C;kE16;200-500;200-500;125.34;15.66;31.44
C;kE16;200-500;500-1000;92.21;23.43;18.69
C;kE16;200-500;1000-5000;95.51;25.39;19.71
C;kE16;200-500;5000-10000;0.0;0.0;0.0
C;kE16;200-500;>10000;0.0;0.0;0.0
C;kE16;500-1000;<50;0.0;0.0;0.0
C;kE16;500-1000;50-100;0.0;0.0;0.0
C;kE16;500-1000;100-200;0.0;0.0;0.0
C;kE16;500-1000;200-500;0.0;0.0;0.0
C;kE16;500-1000;500-1000;0.0;0.0;0.0
C;kE16;500-1000;1000-5000;85.93;16.4;16.84
C;kE16;500-1000;5000-10000;0.0;0.0;0.0
C;kE16;500-1000;>10000;0.0;0.0;0.0
C;kE16;1000-5000;<50;0.0;0.0;0.0
C;kE16;1000-5000;50-100;0.0;0.0;0.0
C;kE16;1000-5000;100-200;0.0;0.0;0.0
C;kE16;1000-5000;200-500;0.0;0.0;0.0
C;kE16;1000-5000;500-1000;0.0;0.0;0.0
C;kE16;1000-5000;1000-5000;0.0;0.0;0.0
C;kE16;1000-5000;5000-10000;0.0;0.0;0.0
C;kE16;1000-5000;>10000;0.0;0.0;0.0
C;kE16;>5000;<50;0.0;0.0;0.0
C;kE16;>5000;50-100;0.0;0.0;0.0
C;kE16;>5000;100-200;0.0;0.0;0.0
C;kE16;>5000;200-500;0.0;0.0;0.0
C;kE16;>5000;500-1000;0.0;0.0;0.0
C;kE16;>5000;1000-5000;0.0;0.0;0.0
C;kE16;>5000;5000-10000;0.0;0.0;0.0
C;kE16;>5000;>10000;0.0;0.0;0.0
C;k2015;<50;<50;0.0;0.0;0.0
C;k2015;<50;50-100;145.45;35.07;30.28
C;k2015;<50;100-200;74.6;35.92;15.75
C;k2015;<50;200-500;80.22;43.02;16.77
C;k2015;<50;500-1000;99.08;47.8;21.41
C;k2015;<50;1000-5000;0.0;0.0;0.0
C;k2015;<50;5000-10000;0.0;0.0;0.0
C;k2015;<50;>10000;0.0;0.0;0.0
C;k2015;50-100;<50;0.0;0.0;0.0
C;k2015;50-100;50-100;104.53;27.78;21.77
C;k2015;50-100;100-200;72.09;30.17;15.27
C;k2015;50-100;200-500;56.27;30.82;11.76
C;k2015;50-100;500-1000;99.26;46.3;20.63
C;k2015;50-100;1000-5000;121.88;29.57;27.05
C;k2015;50-100;5000-10000;0.0;0.0;0.0
C;k2015;50-100;>10000;0.0;0.0;0.0
C;k2015;100-200;<50;0.0;0.0;0.0
C;k2015;100-200;50-100;36.49;0.33;7.07
C;k2015;100-200;100-200;47.51;37.15;10.16
C;k2015;100-200;200-500;63.53;26.15;13.14
C;k2015;100-200;500-1000;67.27;32.73;13.86
C;k2015;100-200;1000-5000;109.75;41.2;22.64
C;k2015;100-200;5000-10000;0.0;0.0;0.0
C;k2015;100-200;>10000;0.0;0.0;0.0
C;k2015;200-500;<50;0.0;0.0;0.0
C;k2015;200-500;50-100;0.0;0.0;0.0
C;k2015;200-500;100-200;0.0;0.0;0.0
C;k2015;200-500;200-500;58.3;26.47;13.3
C;k2015;200-500;500-1000;69.01;29.03;14.34
C;k2015;200-500;1000-5000;70.01;32.77;14.43
C;k2015;200-500;5000-10000;0.0;0.0;0.0
C;k2015;200-500;>10000;0.0;0.0;0.0
C;k2015;500-1000;<50;0.0;0.0;0.0
C;k2015;500-1000;50-100;0.0;0.0;0.0
C;k2015;500-1000;100-200;0.0;0.0;0.0
C;k2015;500-1000;200-500;0.0;0.0;0.0
C;k2015;500-1000;500-1000;49.06;7.36;10.36
C;k2015;500-1000;1000-5000;69.92;13.56;13.93
C;k2015;500-1000;5000-10000;0.0;0.0;0.0
C;k2015;500-1000;>10000;0.0;0.0;0.0
C;k2015;1000-5000;<50;0.0;0.0;0.0
C;k2015;1000-5000;50-100;0.0;0.0;0.0
C;k2015;1000-5000;100-200;0.0;0.0;0.0
C;k2015;1000-5000;200-500;0.0;0.0;0.0
C;k2015;1000-5000;500-1000;0.0;0.0;0.0
C;k2015;1000-5000;1000-5000;0.0;0.0;0.0
C;k2015;1000-5000;5000-10000;0.0;0.0;0.0
C;k2015;1000-5000;>10000;0.0;0.0;0.0
C;k2015;>5000;<50;0.0;0.0;0.0
C;k2015;>5000;50-100;0.0;0.0;0.0
C;k2015;>5000;100-200;0.0;0.0;0.0
C;k2015;>5000;200-500;0.0;0.0;0.0
C;k2015;>5000;500-1000;0.0;0.0;0.0
C;k2015;>5000;1000-5000;0.0;0.0;0.0
C;k2015;>5000;5000-10000;0.0;0.0;0.0
C;k2015;>5000;>10000;0.0;0.0;0.0
D;kE8E9;<50;<50;0.0;0.0;0.0
D;kE8E9;<50;50-100;261.09;21.61;52.04
D;kE8E9;<50;100-200;225.82;17.95;44.86
D;kE8E9;<50;200-500;240.05;18.4;47.44
D;kE8E9;<50;500-1000;312.95;11.43;62.83
D;kE8E9;<50;1000-5000;316.85;4.76;63.41
D;kE8E9;<50;5000-10000;0.0;0.0;0.0
D;kE8E9;<50;>10000;0.0;0.0;0.0
D;kE8E9;50-100;<50;0.0;0.0;0.0
D;kE8E9;50-100;50-100;198.78;9.38;39.9
D;kE8E9;50-100;100-200;195.46;14.35;39.19
D;kE8E9;50-100;200-500;196.6;13.41;39.03
D;kE8E9;50-100;500-1000;254.6;17.2;50.62
D;kE8E9;50-100;1000-5000;372.37;11.12;75.33
D;kE8E9;50-100;5000-10000;0.0;0.0;0.0
D;kE8E9;50-100;>10000;0.0;0.0;0.0
D;kE8E9;100-200;<50;0.0;0.0;0.0
D;kE8E9;100-200;50-100;196.64;1.97;39.42
D;kE8E9;100-200;100-200;175.57;7.84;35.27
D;kE8E9;100-200;200-500;182.17;14.6;36.43
D;kE8E9;100-200;500-1000;184.91;16.92;36.87
D;kE8E9;100-200;1000-5000;242.54;21.15;48.52
D;kE8E9;100-200;5000-10000;0.0;0.0;0.0
D;kE8E9;100-200;>10000;0.0;0.0;0.0
D;kE8E9;200-500;<50;0.0;0.0;0.0
D;kE8E9;200-500;50-100;117.1;1.91;23.71
D;kE8E9;200-500;100-200;100.77;0.86;19.23
D;kE8E9;200-500;200-500;179.1;19.08;35.17
D;kE8E9;200-500;500-1000;170.36;20.86;34.37
D;kE8E9;200-500;1000-5000;177.01;20.22;35.69
D;kE8E9;200-500;5000-10000;0.0;0.0;0.0
D;kE8E9;200-500;>10000;0.0;0.0;0.0
D;kE8E9;500-1000;<50;0.0;0.0;0.0
D;kE8E9;500-1000;50-100;0.0;0.0;0.0
D;kE8E9;500-1000;100-200;0.0;0.0;0.0
D;kE8E9;500-1000;200-500;133.98;0.59;26.68
D;kE8E9;500-1000;500-1000;286.58;1.86;55.36
D;kE8E9;500-1000;1000-5000;151.59;14.64;30.53
D;kE8E9;500-1000;5000-10000;0.0;0.0;0.0
D;kE8E9;500-1000;>10000;0.0;0.0;0.0
D;kE8E9;1000-5000;<50;0.0;0.0;0.0
D;kE8E9;1000-5000;50-100;0.0;0.0;0.0
D;kE8E9;1000-5000;100-200;0.0;0.0;0.0
D;kE8E9;1000-5000;200-500;0.0;0.0;0.0
D;kE8E9;1000-5000;500-1000;0.0;0.0;0.0
D;kE8E9;1000-5000;1000-5000;0.0;0.0;0.0
D;kE8E9;1000-5000;5000-10000;0.0;0.0;0.0
D;kE8E9;1000-5000;>10000;0.0;0.0;0.0
D;kE8E9;>5000;<50;0.0;0.0;0.0
D;kE8E9;>5000;50-100;0.0;0.0;0.0
D;kE8E9;>5000;100-200;0.0;0.0;0.0
D;kE8E9;>5000;200-500;0.0;0.0;0.0
D;kE8E9;>5000;500-1000;0.0;0.0;0.0
D;kE8E9;>5000;1000-5000;0.0;0.0;0.0
D;kE8E9;>5000;5000-10000;0.0;0.0;0.0
D;kE8E9;>5000;>10000;0.0;0.0;0.0
D;kE10E11;<50;<50;0.0;0.0;0.0
D;kE10E11;<50;50-100;255.21;22.22;51.25
D;kE10E11;<50;100-200;202.86;15.52;40.47
D;kE10E11;<50;200-500;233.01;16.36;45.81
D;kE10E11;<50;500-1000;347.01;11.99;70.12
D;kE10E11;<50;1000-5000;273.69;5.83;55.04
D;kE10E11;<50;5000-10000;0.0;0.0;0.0
D;kE10E11;<50;>10000;0.0;0.0;0.0
D;kE10E11;50-100;<50;0.0;0.0;0.0
D;kE10E11;50-100;50-100;183.44;8.6;36.9
D;kE10E11;50-100;100-200;176.08;11.28;35.62
D;kE10E11;50-100;200-500;175.02;10.49;34.7
D;kE10E11;50-100;500-1000;277.05;18.22;55.19
D;kE10E11;50-100;1000-5000;349.13;18.33;70.34
D;kE10E11;50-100;5000-10000;0.0;0.0;0.0
D;kE10E11;50-100;>10000;0.0;0.0;0.0
D;kE10E11;100-200;<50;0.0;0.0;0.0
D;kE10E11;100-200;50-100;190.48;11.76;40.16
D;kE10E11;100-200;100-200;167.7;10.87;33.57
D;kE10E11;100-200;200-500;160.2;10.4;31.9
D;kE10E11;100-200;500-1000;175.92;17.12;34.95
D;kE10E11;100-200;1000-5000;284.47;16.89;58.0
D;kE10E11;100-200;5000-10000;0.0;0.0;0.0
D;kE10E11;100-200;>10000;0.0;0.0;0.0
D;kE10E11;200-500;<50;0.0;0.0;0.0
D;kE10E11;200-500;50-100;102.59;39.61;25.35
D;kE10E11;200-500;100-200;118.21;3.53;23.89
D;kE10E11;200-500;200-500;146.13;10.55;30.16
D;kE10E11;200-500;500-1000;158.58;20.86;31.72
D;kE10E11;200-500;1000-5000;162.29;22.41;32.51
D;kE10E11;200-500;5000-10000;0.0;0.0;0.0
D;kE10E11;200-500;>10000;0.0;0.0;0.0
D;kE10E11;500-1000;<50;0.0;0.0;0.0
D;kE10E11;500-1000;50-100;0.0;0.0;0.0
D;kE10E11;500-1000;100-200;0.0;0.0;0.0
D;kE10E11;500-1000;200-500;83.16;1.62;16.87
D;kE10E11;500-1000;500-1000;129.51;7.86;27.53
D;kE10E11;500-1000;1000-5000;124.06;7.12;24.0
D;kE10E11;500-1000;5000-10000;0.0;0.0;0.0
D;kE10E11;500-1000;>10000;0.0;0.0;0.0
D;kE10E11;1000-5000;<50;0.0;0.0;0.0
D;kE10E11;1000-5000;50-100;0.0;0.0;0.0
D;kE10E11;1000-5000;100-200;0.0;0.0;0.0
D;kE10E11;1000-5000;200-500;0.0;0.0;0.0
D;kE10E11;1000-5000;500-1000;0.0;0.0;0.0
D;kE10E11;1000-5000;1000-5000;0.0;0.0;0.0
D;kE10E11;1000-5000;5000-10000;0.0;0.0;0.0
D;kE10E11;1000-5000;>10000;0.0;0.0;0.0
D;kE10E11;>5000;<50;0.0;0.0;0.0
D;kE10E11;>5000;50-100;0.0;0.0;0.0
D;kE10E11;>5000;100-200;0.0;0.0;0.0
D;kE10E11;>5000;200-500;0.0;0.0;0.0
D;kE10E11;>5000;500-1000;0.0;0.0;0.0
D;kE10E11;>5000;1000-5000;0.0;0.0;0.0
D;kE10E11;>5000;5000-10000;0.0;0.0;0.0
D;kE10E11;>5000;>10000;0.0;0.0;0.0
D;kE12E13;<50;<50;0.0;0.0;0.0
D;kE12E13;<50;50-100;232.56;25.67;47.0
D;kE12E13;<50;100-200;199.61;16.34;39.91
D;kE12E13;<50;200-500;239.32;17.64;47.18
D;kE12E13;<50;500-1000;261.92;14.77;53.15
D;kE12E13;<50;1000-5000;275.72;2.95;56.31
D;kE12E13;<50;5000-10000;0.0;0.0;0.0
D;kE12E13;<50;>10000;0.0;0.0;0.0
D;kE12E13;50-100;<50;0.0;0.0;0.0
D;kE12E13;50-100;50-100;173.69;5.97;34.72
D;kE12E13;50-100;100-200;173.59;11.48;35.0
D;kE12E13;50-100;200-500;169.14;10.51;33.59
D;kE12E13;50-100;500-1000;280.85;14.83;56.52
D;kE12E13;50-100;1000-5000;340.73;13.15;69.25
D;kE12E13;50-100;5000-10000;0.0;0.0;0.0
D;kE12E13;50-100;>10000;0.0;0.0;0.0
D;kE12E13;100-200;<50;0.0;0.0;0.0
D;kE12E13;100-200;50-100;180.23;13.43;35.6
D;kE12E13;100-200;100-200;169.28;5.21;34.45
D;kE12E13;100-200;200-500;156.39;11.61;31.11
D;kE12E13;100-200;500-1000;169.53;20.83;33.72
D;kE12E13;100-200;1000-5000;273.59;22.07;55.65
D;kE12E13;100-200;5000-10000;0.0;0.0;0.0
D;kE12E13;100-200;>10000;0.0;0.0;0.0
D;kE12E13;200-500;<50;0.0;0.0;0.0
D;kE12E13;200-500;50-100;151.18;0.19;30.27
D;kE12E13;200-500;100-200;154.71;18.4;31.53
D;kE12E13;200-500;200-500;145.44;6.47;30.63
D;kE12E13;200-500;500-1000;149.37;22.01;29.76
D;kE12E13;200-500;1000-5000;152.36;23.51;30.36
D;kE12E13;200-500;5000-10000;0.0;0.0;0.0
D;kE12E13;200-500;>10000;0.0;0.0;0.0
D;kE12E13;500-1000;<50;0.0;0.0;0.0
D;kE12E13;500-1000;50-100;0.0;0.0;0.0
D;kE12E13;500-1000;100-200;73.72;0.71;14.78
D;kE12E13;500-1000;200-500;123.31;0.37;24.72
D;kE12E13;500-1000;500-1000;83.36;0.93;17.77
D;kE12E13;500-1000;1000-5000;124.93;8.0;25.78
D;kE12E13;500-1000;5000-10000;0.0;0.0;0.0
D;kE12E13;500-1000;>10000;0.0;0.0;0.0
D;kE12E13;1000-5000;<50;0.0;0.0;0.0
D;kE12E13;1000-5000;50-100;0.0;0.0;0.0
D;kE12E13;1000-5000;100-200;0.0;0.0;0.0
D;kE12E13;1000-5000;200-500;0.0;0.0;0.0
D;kE12E13;1000-5000;500-1000;0.0;0.0;0.0
D;kE12E13;1000-5000;1000-5000;0.0;0.0;0.0
D;kE12E13;1000-5000;5000-10000;0.0;0.0;0.0
D;kE12E13;1000-5000;>10000;0.0;0.0;0.0
D;kE12E13;>5000;<50;0.0;0.0;0.0
D;kE12E13;>5000;50-100;0.0;0.0;0.0
D;kE12E13;>5000;100-200;0.0;0.0;0.0
D;kE12E13;>5000;200-500;0.0;0.0;0.0
D;kE12E13;>5000;500-1000;0.0;0.0;0.0
D;kE12E13;>5000;1000-5000;0.0;0.0;0.0
D;kE12E13;>5000;5000-10000;0.0;0.0;0.0
D;kE12E13;>5000;>10000;0.0;0.0;0.0
D;kE14E15;<50;<50;0.0;0.0;0.0
D;kE14E15;<50;50-100;210.48;24.33;43.07
D;kE14E15;<50;100-200;176.75;13.53;35.4
D;kE14E15;<50;200-500;228.14;18.16;45.13
D;kE14E15;<50;500-1000;314.0;8.34;61.06
D;kE14E15;<50;1000-5000;114.65;45.23;27.05
D;kE14E15;<50;5000-10000;0.0;0.0;0.0
D;kE14E15;<50;>10000;0.0;0.0;0.0
D;kE14E15;50-100;<50;0.0;0.0;0.0
D;kE14E15;50-100;50-100;161.29;11.31;32.58
D;kE14E15;50-100;100-200;153.47;8.38;30.89
D;kE14E15;50-100;200-500;152.4;9.78;30.26
D;kE14E15;50-100;500-1000;264.01;15.46;53.71
D;kE14E15;50-100;1000-5000;309.52;12.65;62.93
D;kE14E15;50-100;5000-10000;0.0;0.0;0.0
D;kE14E15;50-100;>10000;0.0;0.0;0.0
D;kE14E15;100-200;<50;0.0;0.0;0.0
D;kE14E15;100-200;50-100;150.95;8.41;29.15
D;kE14E15;100-200;100-200;153.22;13.71;31.68
D;kE14E15;100-200;200-500;141.36;13.43;28.21
D;kE14E15;100-200;500-1000;145.3;24.84;29.07
D;kE14E15;100-200;1000-5000;250.08;21.14;51.23
D;kE14E15;100-200;5000-10000;0.0;0.0;0.0
D;kE14E15;100-200;>10000;0.0;0.0;0.0
D;kE14E15;200-500;<50;0.0;0.0;0.0
D;kE14E15;200-500;50-100;87.62;0.32;16.91
D;kE14E15;200-500;100-200;106.53;16.11;21.5
D;kE14E15;200-500;200-500;114.25;17.77;22.86
D;kE14E15;200-500;500-1000;128.96;22.64;25.77
D;kE14E15;200-500;1000-5000;131.06;24.72;26.24
D;kE14E15;200-500;5000-10000;0.0;0.0;0.0
D;kE14E15;200-500;>10000;0.0;0.0;0.0
D;kE14E15;500-1000;<50;0.0;0.0;0.0
D;kE14E15;500-1000;50-100;0.0;0.0;0.0
D;kE14E15;500-1000;100-200;83.9;9.49;18.19
D;kE14E15;500-1000;200-500;47.51;2.1;9.81
D;kE14E15;500-1000;500-1000;67.54;1.32;13.52
D;kE14E15;500-1000;1000-5000;124.09;12.76;24.73
D;kE14E15;500-1000;5000-10000;0.0;0.0;0.0
D;kE14E15;500-1000;>10000;0.0;0.0;0.0
D;kE14E15;1000-5000;<50;0.0;0.0;0.0
D;kE14E15;1000-5000;50-100;0.0;0.0;0.0
D;kE14E15;1000-5000;100-200;0.0;0.0;0.0
D;kE14E15;1000-5000;200-500;0.0;0.0;0.0
D;kE14E15;1000-5000;500-1000;0.0;0.0;0.0
D;kE14E15;1000-5000;1000-5000;0.0;0.0;0.0
D;kE14E15;1000-5000;5000-10000;0.0;0.0;0.0
D;kE14E15;1000-5000;>10000;0.0;0.0;0.0
D;kE14E15;>5000;<50;0.0;0.0;0.0
D;kE14E15;>5000;50-100;0.0;0.0;0.0
D;kE14E15;>5000;100-200;0.0;0.0;0.0
D;kE14E15;>5000;200-500;0.0;0.0;0.0
D;kE14E15;>5000;500-1000;0.0;0.0;0.0
D;kE14E15;>5000;1000-5000;0.0;0.0;0.0
D;kE14E15;>5000;5000-10000;0.0;0.0;0.0
D;kE14E15;>5000;>10000;0.0;0.0;0.0
D;kE16;<50;<50;0.0;0.0;0.0
D;kE16;<50;50-100;150.59;25.16;30.85
D;kE16;<50;100-200;128.34;16.69;26.04
D;kE16;<50;200-500;157.58;20.58;31.69
D;kE16;<50;500-1000;286.67;13.31;59.02
D;kE16;<50;1000-5000;237.29;6.13;46.93
D;kE16;<50;5000-10000;0.0;0.0;0.0
D;kE16;<50;>10000;0.0;0.0;0.0
D;kE16;50-100;<50;0.0;0.0;0.0
D;kE16;50-100;50-100;127.31;9.77;25.68
D;kE16;50-100;100-200;118.47;10.86;24.08
D;kE16;50-100;200-500;116.47;12.67;23.34
D;kE16;50-100;500-1000;186.32;15.29;38.01
D;kE16;50-100;1000-5000;230.67;8.15;47.22
D;kE16;50-100;5000-10000;0.0;0.0;0.0
D;kE16;50-100;>10000;0.0;0.0;0.0
D;kE16;100-200;<50;0.0;0.0;0.0
D;kE16;100-200;50-100;142.92;0.58;27.93
D;kE16;100-200;100-200;96.43;11.2;19.62
D;kE16;100-200;200-500;111.07;15.19;22.24
D;kE16;100-200;500-1000;112.86;24.88;22.73
D;kE16;100-200;1000-5000;165.03;24.58;34.11
D;kE16;100-200;5000-10000;0.0;0.0;0.0
D;kE16;100-200;>10000;0.0;0.0;0.0
D;kE16;200-500;<50;0.0;0.0;0.0
D;kE16;200-500;50-100;0.0;0.0;0.0
D;kE16;200-500;100-200;42.69;60.16;10.25
D;kE16;200-500;200-500;92.79;17.63;19.59
D;kE16;200-500;500-1000;97.78;25.26;19.84
D;kE16;200-500;1000-5000;99.67;32.08;20.33
D;kE16;200-500;5000-10000;0.0;0.0;0.0
D;kE16;200-500;>10000;0.0;0.0;0.0
D;kE16;500-1000;<50;0.0;0.0;0.0
D;kE16;500-1000;50-100;0.0;0.0;0.0
D;kE16;500-1000;100-200;0.0;0.0;0.0
D;kE16;500-1000;200-500;0.0;0.0;0.0
D;kE16;500-1000;500-1000;81.65;0.0;15.31
D;kE16;500-1000;1000-5000;77.34;13.96;14.96
D;kE16;500-1000;5000-10000;0.0;0.0;0.0
D;kE16;500-1000;>10000;0.0;0.0;0.0
D;kE16;1000-5000;<50;0.0;0.0;0.0
D;kE16;1000-5000;50-100;0.0;0.0;0.0
D;kE16;1000-5000;100-200;0.0;0.0;0.0
D;kE16;1000-5000;200-500;0.0;0.0;0.0
D;kE16;1000-5000;500-1000;0.0;0.0;0.0
D;kE16;1000-5000;1000-5000;0.0;0.0;0.0
D;kE16;1000-5000;5000-10000;0.0;0.0;0.0
D;kE16;1000-5000;>10000;0.0;0.0;0.0
D;kE16;>5000;<50;0.0;0.0;0.0
D;kE16;>5000;50-100;0.0;0.0;0.0
D;kE16;>5000;100-200;0.0;0.0;0.0
D;kE16;>5000;200-500;0.0;0.0;0.0
D;kE16;>5000;500-1000;0.0;0.0;0.0
D;kE16;>5000;1000-5000;0.0;0.0;0.0
D;kE16;>5000;5000-10000;0.0;0.0;0.0
D;kE16;>5000;>10000;0.0;0.0;0.0
D;k2015;<50;<50;0.0;0.0;0.0
D;k2015;<50;50-100;114.39;46.48;23.81
D;k2015;<50;100-200;65.17;37.25;13.59
D;k2015;<50;200-500;77.36;40.6;15.7
D;k2015;<50;500-1000;257.75;126.0;48.41
D;k2015;<50;1000-5000;212.34;0.0;42.47
D;k2015;<50;5000-10000;0.0;0.0;0.0
D;k2015;<50;>10000;0.0;0.0;0.0
D;k2015;50-100;<50;0.0;0.0;0.0
D;k2015;50-100;50-100;95.74;30.47;19.91
D;k2015;50-100;100-200;69.6;29.39;14.54
D;k2015;50-100;200-500;62.1;32.25;12.75
D;k2015;50-100;500-1000;78.98;50.4;16.19
D;k2015;50-100;1000-5000;99.14;39.28;21.06
D;k2015;50-100;5000-10000;0.0;0.0;0.0
D;k2015;50-100;>10000;0.0;0.0;0.0
D;k2015;100-200;<50;0.0;0.0;0.0
D;k2015;100-200;50-100;168.11;11.35;33.16
D;k2015;100-200;100-200;72.05;16.13;14.7
D;k2015;100-200;200-500;71.14;29.56;14.43
D;k2015;100-200;500-1000;68.1;39.41;13.97
D;k2015;100-200;1000-5000;101.17;42.8;20.84
D;k2015;100-200;5000-10000;0.0;0.0;0.0
D;k2015;100-200;>10000;0.0;0.0;0.0
D;k2015;200-500;<50;0.0;0.0;0.0
D;k2015;200-500;50-100;0.0;0.0;0.0
D;k2015;200-500;100-200;125.93;4.05;24.38
D;k2015;200-500;200-500;35.72;23.64;7.46
D;k2015;200-500;500-1000;74.83;35.9;15.55
D;k2015;200-500;1000-5000;77.96;38.62;16.09
D;k2015;200-500;5000-10000;0.0;0.0;0.0
D;k2015;200-500;>10000;0.0;0.0;0.0
D;k2015;500-1000;<50;0.0;0.0;0.0
D;k2015;500-1000;50-100;0.0;0.0;0.0
D;k2015;500-1000;100-200;0.0;0.0;0.0
D;k2015;500-1000;200-500;94.3;0.98;20.26
D;k2015;500-1000;500-1000;0.0;0.0;0.0
D;k2015;500-1000;1000-5000;65.5;24.15;13.17
D;k2015;500-1000;5000-10000;0.0;0.0;0.0
D;k2015;500-1000;>10000;0.0;0.0;0.0
D;k2015;1000-5000;<50;0.0;0.0;0.0
D;k2015;1000-5000;50-100;0.0;0.0;0.0
D;k2015;1000-5000;100-200;0.0;0.0;0.0
D;k2015;1000-5000;200-500;0.0;0.0;0.0
D;k2015;1000-5000;500-1000;0.0;0.0;0.0
D;k2015;1000-5000;1000-5000;0.0;0.0;0.0
D;k2015;1000-5000;5000-10000;0.0;0.0;0.0
D;k2015;1000-5000;>10000;0.0;0.0;0.0
D;k2015;>5000;<50;0.0;0.0;0.0
D;k2015;>5000;50-100;0.0;0.0;0.0
D;k2015;>5000;100-200;0.0;0.0;0.0
D;k2015;>5000;200-500;0.0;0.0;0.0
D;k2015;>5000;500-1000;0.0;0.0;0.0
D;k2015;>5000;1000-5000;0.0;0.0;0.0
D;k2015;>5000;5000-10000;0.0;0.0;0.0
D;k2015;>5000;>10000;0.0;0.0;0.0
E;kE8E9;<50;<50;0.0;0.0;0.0
E;kE8E9;<50;50-100;291.94;27.46;58.14
E;kE8E9;<50;100-200;249.43;18.48;49.54
E;kE8E9;<50;200-500;261.77;19.21;51.82
E;kE8E9;<50;500-1000;287.08;14.62;57.17
E;kE8E9;<50;1000-5000;263.12;33.32;52.97
E;kE8E9;<50;5000-10000;0.0;0.0;0.0
E;kE8E9;<50;>10000;0.0;0.0;0.0
E;kE8E9;50-100;<50;0.0;0.0;0.0
E;kE8E9;50-100;50-100;243.06;17.53;48.9
E;kE8E9;50-100;100-200;237.13;14.4;47.22
E;kE8E9;50-100;200-500;246.41;16.83;48.81
E;kE8E9;50-100;500-1000;265.66;24.43;52.76
E;kE8E9;50-100;1000-5000;300.3;34.39;57.9
E;kE8E9;50-100;5000-10000;0.0;0.0;0.0
E;kE8E9;50-100;>10000;0.0;0.0;0.0
E;kE8E9;100-200;<50;0.0;0.0;0.0
E;kE8E9;100-200;50-100;211.55;4.83;41.56
E;kE8E9;100-200;100-200;211.14;12.72;42.51
E;kE8E9;100-200;200-500;243.19;20.12;48.35
E;kE8E9;100-200;500-1000;237.09;26.73;47.3
E;kE8E9;100-200;1000-5000;249.69;30.04;50.08
E;kE8E9;100-200;5000-10000;0.0;0.0;0.0
E;kE8E9;100-200;>10000;0.0;0.0;0.0
E;kE8E9;200-500;<50;0.0;0.0;0.0
E;kE8E9;200-500;50-100;130.45;8.84;25.1
E;kE8E9;200-500;100-200;222.19;2.71;50.19
E;kE8E9;200-500;200-500;221.89;22.2;43.38
E;kE8E9;200-500;500-1000;224.02;26.58;44.76
E;kE8E9;200-500;1000-5000;216.92;27.81;43.57
E;kE8E9;200-500;5000-10000;0.0;0.0;0.0
E;kE8E9;200-500;>10000;0.0;0.0;0.0
E;kE8E9;500-1000;<50;0.0;0.0;0.0
E;kE8E9;500-1000;50-100;0.0;0.0;0.0
E;kE8E9;500-1000;100-200;0.0;0.0;0.0
E;kE8E9;500-1000;200-500;166.37;1.03;29.15
E;kE8E9;500-1000;500-1000;261.88;1.61;50.81
E;kE8E9;500-1000;1000-5000;198.76;15.02;39.74
E;kE8E9;500-1000;5000-10000;0.0;0.0;0.0
E;kE8E9;500-1000;>10000;0.0;0.0;0.0
E;kE8E9;1000-5000;<50;0.0;0.0;0.0
E;kE8E9;1000-5000;50-100;0.0;0.0;0.0
E;kE8E9;1000-5000;100-200;0.0;0.0;0.0
E;kE8E9;1000-5000;200-500;0.0;0.0;0.0
E;kE8E9;1000-5000;500-1000;0.0;0.0;0.0
E;kE8E9;1000-5000;1000-5000;0.0;0.0;0.0
E;kE8E9;1000-5000;5000-10000;0.0;0.0;0.0
E;kE8E9;1000-5000;>10000;0.0;0.0;0.0
E;kE8E9;>5000;<50;0.0;0.0;0.0
E;kE8E9;>5000;50-100;0.0;0.0;0.0
E;kE8E9;>5000;100-200;0.0;0.0;0.0
E;kE8E9;>5000;200-500;0.0;0.0;0.0
E;kE8E9;>5000;500-1000;0.0;0.0;0.0
E;kE8E9;>5000;1000-5000;0.0;0.0;0.0
E;kE8E9;>5000;5000-10000;0.0;0.0;0.0
E;kE8E9;>5000;>10000;0.0;0.0;0.0
E;kE10E11;<50;<50;0.0;0.0;0.0
E;kE10E11;<50;50-100;272.02;25.87;54.81
E;kE10E11;<50;100-200;226.69;17.67;45.7
E;kE10E11;<50;200-500;249.89;19.3;49.92
E;kE10E11;<50;500-1000;311.05;21.08;60.37
E;kE10E11;<50;1000-5000;237.28;17.54;48.15
E;kE10E11;<50;5000-10000;0.0;0.0;0.0
E;kE10E11;<50;>10000;0.0;0.0;0.0
E;kE10E11;50-100;<50;0.0;0.0;0.0
E;kE10E11;50-100;50-100;227.76;13.05;45.58
E;kE10E11;50-100;100-200;205.3;13.82;41.71
E;kE10E11;50-100;200-500;215.95;12.37;43.43
E;kE10E11;50-100;500-1000;279.76;21.7;54.26
E;kE10E11;50-100;1000-5000;246.74;9.78;50.5
E;kE10E11;50-100;5000-10000;0.0;0.0;0.0
E;kE10E11;50-100;>10000;0.0;0.0;0.0
E;kE10E11;100-200;<50;0.0;0.0;0.0
E;kE10E11;100-200;50-100;216.09;8.48;43.88
E;kE10E11;100-200;100-200;217.1;14.16;43.55
E;kE10E11;100-200;200-500;217.87;14.43;43.82
E;kE10E11;100-200;500-1000;222.88;22.8;44.6
E;kE10E11;100-200;1000-5000;280.81;28.45;55.92
E;kE10E11;100-200;5000-10000;0.0;0.0;0.0
E;kE10E11;100-200;>10000;0.0;0.0;0.0
E;kE10E11;200-500;<50;0.0;0.0;0.0
E;kE10E11;200-500;50-100;203.42;4.24;34.13
E;kE10E11;200-500;100-200;232.79;52.5;48.37
E;kE10E11;200-500;200-500;177.9;13.35;35.8
E;kE10E11;200-500;500-1000;208.05;22.32;41.65
E;kE10E11;200-500;1000-5000;198.16;25.23;39.81
E;kE10E11;200-500;5000-10000;0.0;0.0;0.0
E;kE10E11;200-500;>10000;0.0;0.0;0.0
E;kE10E11;500-1000;<50;0.0;0.0;0.0
E;kE10E11;500-1000;50-100;0.0;0.0;0.0
E;kE10E11;500-1000;100-200;178.18;0.51;35.73
E;kE10E11;500-1000;200-500;159.0;16.16;33.89
E;kE10E11;500-1000;500-1000;203.05;0.52;41.77
E;kE10E11;500-1000;1000-5000;190.66;11.71;38.54
E;kE10E11;500-1000;5000-10000;0.0;0.0;0.0
E;kE10E11;500-1000;>10000;0.0;0.0;0.0
E;kE10E11;1000-5000;<50;0.0;0.0;0.0
E;kE10E11;1000-5000;50-100;0.0;0.0;0.0
E;kE10E11;1000-5000;100-200;0.0;0.0;0.0
E;kE10E11;1000-5000;200-500;0.0;0.0;0.0
E;kE10E11;1000-5000;500-1000;0.0;0.0;0.0
E;kE10E11;1000-5000;1000-5000;0.0;0.0;0.0
E;kE10E11;1000-5000;5000-10000;0.0;0.0;0.0
E;kE10E11;1000-5000;>10000;0.0;0.0;0.0
E;kE10E11;>5000;<50;0.0;0.0;0.0
E;kE10E11;>5000;50-100;0.0;0.0;0.0
E;kE10E11;>5000;100-200;0.0;0.0;0.0
E;kE10E11;>5000;200-500;0.0;0.0;0.0
E;kE10E11;>5000;500-1000;0.0;0.0;0.0
E;kE10E11;>5000;1000-5000;0.0;0.0;0.0
E;kE10E11;>5000;5000-10000;0.0;0.0;0.0
E;kE10E11;>5000;>10000;0.0;0.0;0.0
E;kE12E13;<50;<50;0.0;0.0;0.0
E;kE12E13;<50;50-100;255.96;33.09;52.56
E;kE12E13;<50;100-200;219.66;20.83;44.39
E;kE12E13;<50;200-500;251.28;19.12;49.64
E;kE12E13;<50;500-1000;242.04;38.58;46.18
E;kE12E13;<50;1000-5000;259.03;4.77;51.97
E;kE12E13;<50;5000-10000;0.0;0.0;0.0
E;kE12E13;<50;>10000;0.0;0.0;0.0
E;kE12E13;50-100;<50;0.0;0.0;0.0
E;kE12E13;50-100;50-100;224.39;8.77;44.74
E;kE12E13;50-100;100-200;198.55;13.84;40.15
E;kE12E13;50-100;200-500;194.76;10.98;38.92
E;kE12E13;50-100;500-1000;274.07;19.67;54.44
E;kE12E13;50-100;1000-5000;313.11;16.3;63.05
E;kE12E13;50-100;5000-10000;0.0;0.0;0.0
E;kE12E13;50-100;>10000;0.0;0.0;0.0
E;kE12E13;100-200;<50;0.0;0.0;0.0
E;kE12E13;100-200;50-100;179.19;7.77;37.55
E;kE12E13;100-200;100-200;209.73;14.06;42.81
E;kE12E13;100-200;200-500;197.74;15.28;39.71
E;kE12E13;100-200;500-1000;199.35;24.67;39.98
E;kE12E13;100-200;1000-5000;266.87;19.74;54.16
E;kE12E13;100-200;5000-10000;0.0;0.0;0.0
E;kE12E13;100-200;>10000;0.0;0.0;0.0
E;kE12E13;200-500;<50;0.0;0.0;0.0
E;kE12E13;200-500;50-100;183.21;9.88;35.65
E;kE12E13;200-500;100-200;152.42;2.55;30.56
E;kE12E13;200-500;200-500;161.43;15.81;34.38
E;kE12E13;200-500;500-1000;184.14;22.59;37.15
E;kE12E13;200-500;1000-5000;176.7;25.95;35.65
E;kE12E13;200-500;5000-10000;0.0;0.0;0.0
E;kE12E13;200-500;>10000;0.0;0.0;0.0
E;kE12E13;500-1000;<50;0.0;0.0;0.0
E;kE12E13;500-1000;50-100;0.0;0.0;0.0
E;kE12E13;500-1000;100-200;235.4;7.41;44.34
E;kE12E13;500-1000;200-500;178.54;4.13;36.93
E;kE12E13;500-1000;500-1000;235.03;3.15;57.51
E;kE12E13;500-1000;1000-5000;170.92;13.94;34.86
E;kE12E13;500-1000;5000-10000;0.0;0.0;0.0
E;kE12E13;500-1000;>10000;0.0;0.0;0.0
E;kE12E13;1000-5000;<50;0.0;0.0;0.0
E;kE12E13;1000-5000;50-100;0.0;0.0;0.0
E;kE12E13;1000-5000;100-200;0.0;0.0;0.0
E;kE12E13;1000-5000;200-500;0.0;0.0;0.0
E;kE12E13;1000-5000;500-1000;0.0;0.0;0.0
E;kE12E13;1000-5000;1000-5000;0.0;0.0;0.0
E;kE12E13;1000-5000;5000-10000;0.0;0.0;0.0
E;kE12E13;1000-5000;>10000;0.0;0.0;0.0
E;kE12E13;>5000;<50;0.0;0.0;0.0
E;kE12E13;>5000;50-100;0.0;0.0;0.0
E;kE12E13;>5000;100-200;0.0;0.0;0.0
E;kE12E13;>5000;200-500;0.0;0.0;0.0
E;kE12E13;>5000;500-1000;0.0;0.0;0.0
E;kE12E13;>5000;1000-5000;0.0;0.0;0.0
E;kE12E13;>5000;5000-10000;0.0;0.0;0.0
E;kE12E13;>5000;>10000;0.0;0.0;0.0
E;kE14E15;<50;<50;0.0;0.0;0.0
E;kE14E15;<50;50-100;212.01;19.12;42.7
E;kE14E15;<50;100-200;174.28;9.81;35.08
E;kE14E15;<50;200-500;206.84;11.79;40.72
E;kE14E15;<50;500-1000;271.78;11.32;53.86
E;kE14E15;<50;1000-5000;195.35;10.62;44.29
E;kE14E15;<50;5000-10000;0.0;0.0;0.0
E;kE14E15;<50;>10000;0.0;0.0;0.0
E;kE14E15;50-100;<50;0.0;0.0;0.0
E;kE14E15;50-100;50-100;180.69;5.3;36.37
E;kE14E15;50-100;100-200;160.89;7.41;32.39
E;kE14E15;50-100;200-500;163.85;8.4;32.59
E;kE14E15;50-100;500-1000;224.26;16.06;44.91
E;kE14E15;50-100;1000-5000;191.52;15.35;37.43
E;kE14E15;50-100;5000-10000;0.0;0.0;0.0
E;kE14E15;50-100;>10000;0.0;0.0;0.0
E;kE14E15;100-200;<50;0.0;0.0;0.0
E;kE14E15;100-200;50-100;230.61;18.46;44.97
E;kE14E15;100-200;100-200;164.32;6.65;33.74
E;kE14E15;100-200;200-500;159.6;14.13;31.82
E;kE14E15;100-200;500-1000;159.92;22.86;31.87
E;kE14E15;100-200;1000-5000;229.17;26.74;46.96
E;kE14E15;100-200;5000-10000;0.0;0.0;0.0
E;kE14E15;100-200;>10000;0.0;0.0;0.0
E;kE14E15;200-500;<50;0.0;0.0;0.0
E;kE14E15;200-500;50-100;187.24;29.07;39.1
E;kE14E15;200-500;100-200;128.94;6.9;25.05
E;kE14E15;200-500;200-500;143.11;8.8;30.59
E;kE14E15;200-500;500-1000;145.08;23.13;29.1
E;kE14E15;200-500;1000-5000;143.96;26.53;28.82
E;kE14E15;200-500;5000-10000;0.0;0.0;0.0
E;kE14E15;200-500;>10000;0.0;0.0;0.0
E;kE14E15;500-1000;<50;0.0;0.0;0.0
E;kE14E15;500-1000;50-100;0.0;0.0;0.0
E;kE14E15;500-1000;100-200;174.24;0.49;35.3
E;kE14E15;500-1000;200-500;89.51;1.11;17.91
E;kE14E15;500-1000;500-1000;89.21;6.54;17.57
E;kE14E15;500-1000;1000-5000;133.1;13.31;26.82
E;kE14E15;500-1000;5000-10000;0.0;0.0;0.0
E;kE14E15;500-1000;>10000;0.0;0.0;0.0
E;kE14E15;1000-5000;<50;0.0;0.0;0.0
E;kE14E15;1000-5000;50-100;0.0;0.0;0.0
E;kE14E15;1000-5000;100-200;0.0;0.0;0.0
E;kE14E15;1000-5000;200-500;0.0;0.0;0.0
E;kE14E15;1000-5000;500-1000;0.0;0.0;0.0
E;kE14E15;1000-5000;1000-5000;0.0;0.0;0.0
E;kE14E15;1000-5000;5000-10000;0.0;0.0;0.0
E;kE14E15;1000-5000;>10000;0.0;0.0;0.0
E;kE14E15;>5000;<50;0.0;0.0;0.0
E;kE14E15;>5000;50-100;0.0;0.0;0.0
E;kE14E15;>5000;100-200;0.0;0.0;0.0
E;kE14E15;>5000;200-500;0.0;0.0;0.0
E;kE14E15;>5000;500-1000;0.0;0.0;0.0
E;kE14E15;>5000;1000-5000;0.0;0.0;0.0
E;kE14E15;>5000;5000-10000;0.0;0.0;0.0
E;kE14E15;>5000;>10000;0.0;0.0;0.0
E;kE16;<50;<50;0.0;0.0;0.0
E;kE16;<50;50-100;170.21;22.18;34.64
E;kE16;<50;100-200;132.25;16.62;26.99
E;kE16;<50;200-500;140.76;24.28;28.68
E;kE16;<50;500-1000;240.71;14.13;48.7
E;kE16;<50;1000-5000;127.44;7.39;25.34
E;kE16;<50;5000-10000;0.0;0.0;0.0
E;kE16;<50;>10000;0.0;0.0;0.0
E;kE16;50-100;<50;0.0;0.0;0.0
E;kE16;50-100;50-100;128.88;14.05;25.43
E;kE16;50-100;100-200;125.36;11.88;25.5
E;kE16;50-100;200-500;118.72;16.27;24.09
E;kE16;50-100;500-1000;147.64;31.42;30.06
E;kE16;50-100;1000-5000;170.95;20.91;33.46
E;kE16;50-100;5000-10000;0.0;0.0;0.0
E;kE16;50-100;>10000;0.0;0.0;0.0
E;kE16;100-200;<50;0.0;0.0;0.0
E;kE16;100-200;50-100;100.71;6.67;19.34
E;kE16;100-200;100-200;116.24;13.44;24.09
E;kE16;100-200;200-500;109.02;18.3;22.13
E;kE16;100-200;500-1000;102.1;30.08;20.82
E;kE16;100-200;1000-5000;121.29;39.59;25.52
E;kE16;100-200;5000-10000;0.0;0.0;0.0
E;kE16;100-200;>10000;0.0;0.0;0.0
E;kE16;200-500;<50;0.0;0.0;0.0
E;kE16;200-500;50-100;0.0;0.0;0.0
E;kE16;200-500;100-200;58.27;28.63;11.42
E;kE16;200-500;200-500;91.72;14.72;20.11
E;kE16;200-500;500-1000;97.43;28.9;19.74
E;kE16;200-500;1000-5000;95.18;36.38;19.71
E;kE16;200-500;5000-10000;0.0;0.0;0.0
E;kE16;200-500;>10000;0.0;0.0;0.0
E;kE16;500-1000;<50;0.0;0.0;0.0
E;kE16;500-1000;50-100;0.0;0.0;0.0
E;kE16;500-1000;100-200;0.0;0.0;0.0
E;kE16;500-1000;200-500;58.57;6.28;11.94
E;kE16;500-1000;500-1000;91.2;20.82;18.52
E;kE16;500-1000;1000-5000;117.44;17.9;23.62
E;kE16;500-1000;5000-10000;0.0;0.0;0.0
E;kE16;500-1000;>10000;0.0;0.0;0.0
E;kE16;1000-5000;<50;0.0;0.0;0.0
E;kE16;1000-5000;50-100;0.0;0.0;0.0
E;kE16;1000-5000;100-200;0.0;0.0;0.0
E;kE16;1000-5000;200-500;0.0;0.0;0.0
E;kE16;1000-5000;500-1000;0.0;0.0;0.0
E;kE16;1000-5000;1000-5000;0.0;0.0;0.0
E;kE16;1000-5000;5000-10000;0.0;0.0;0.0
E;kE16;1000-5000;>10000;0.0;0.0;0.0
E;kE16;>5000;<50;0.0;0.0;0.0
E;kE16;>5000;50-100;0.0;0.0;0.0
E;kE16;>5000;100-200;0.0;0.0;0.0
E;kE16;>5000;200-500;0.0;0.0;0.0
E;kE16;>5000;500-1000;0.0;0.0;0.0
E;kE16;>5000;1000-5000;0.0;0.0;0.0
E;kE16;>5000;5000-10000;0.0;0.0;0.0
E;kE16;>5000;>10000;0.0;0.0;0.0
E;k2015;<50;<50;0.0;0.0;0.0
E;k2015;<50;50-100;150.05;49.3;30.82
E;k2015;<50;100-200;72.77;45.55;15.95
E;k2015;<50;200-500;67.6;52.67;14.87
E;k2015;<50;500-1000;135.13;36.0;38.73
E;k2015;<50;1000-5000;82.39;22.39;16.67
E;k2015;<50;5000-10000;0.0;0.0;0.0
E;k2015;<50;>10000;0.0;0.0;0.0
E;k2015;50-100;<50;0.0;0.0;0.0
E;k2015;50-100;50-100;52.26;37.52;11.49
E;k2015;50-100;100-200;77.94;34.68;16.5
E;k2015;50-100;200-500;53.83;44.37;11.81
E;k2015;50-100;500-1000;51.73;64.09;11.41
E;k2015;50-100;1000-5000;135.44;45.47;27.21
E;k2015;50-100;5000-10000;0.0;0.0;0.0
E;k2015;50-100;>10000;0.0;0.0;0.0
E;k2015;100-200;<50;0.0;0.0;0.0
E;k2015;100-200;50-100;73.85;20.65;14.24
E;k2015;100-200;100-200;53.55;45.88;12.48
E;k2015;100-200;200-500;53.6;43.16;11.59
E;k2015;100-200;500-1000;48.89;52.02;10.56
E;k2015;100-200;1000-5000;48.85;65.34;10.72
E;k2015;100-200;5000-10000;0.0;0.0;0.0
E;k2015;100-200;>10000;0.0;0.0;0.0
E;k2015;200-500;<50;0.0;0.0;0.0
E;k2015;200-500;50-100;25.33;65.53;5.72
E;k2015;200-500;100-200;101.23;26.28;35.0
E;k2015;200-500;200-500;70.17;30.79;14.96
E;k2015;200-500;500-1000;57.95;43.0;12.28
E;k2015;200-500;1000-5000;51.01;49.49;10.99
E;k2015;200-500;5000-10000;0.0;0.0;0.0
E;k2015;200-500;>10000;0.0;0.0;0.0
E;k2015;500-1000;<50;0.0;0.0;0.0
E;k2015;500-1000;50-100;0.0;0.0;0.0
E;k2015;500-1000;100-200;0.0;0.0;0.0
E;k2015;500-1000;200-500;29.85;25.54;6.0
E;k2015;500-1000;500-1000;56.58;40.76;10.85
E;k2015;500-1000;1000-5000;47.27;48.75;10.04
E;k2015;500-1000;5000-10000;0.0;0.0;0.0
E;k2015;500-1000;>10000;0.0;0.0;0.0
E;k2015;1000-5000;<50;0.0;0.0;0.0
E;k2015;1000-5000;50-100;0.0;0.0;0.0
E;k2015;1000-5000;100-200;0.0;0.0;0.0
E;k2015;1000-5000;200-500;0.0;0.0;0.0
E;k2015;1000-5000;500-1000;0.0;0.0;0.0
E;k2015;1000-5000;1000-5000;0.0;0.0;0.0
E;k2015;1000-5000;5000-10000;0.0;0.0;0.0
E;k2015;1000-5000;>10000;0.0;0.0;0.0
E;k2015;>5000;<50;0.0;0.0;0.0
E;k2015;>5000;50-100;0.0;0.0;0.0
E;k2015;>5000;100-200;0.0;0.0;0.0
E;k2015;>5000;200-500;0.0;0.0;0.0
E;k2015;>5000;500-1000;0.0;0.0;0.0
E;k2015;>5000;1000-5000;0.0;0.0;0.0
E;k2015;>5000;5000-10000;0.0;0.0;0.0
E;k2015;>5000;>10000;0.0;0.0;0.0
F;kE8E9;<50;<50;0.0;0.0;0.0
F;kE8E9;<50;50-100;348.5;33.9;70.27
F;kE8E9;<50;100-200;315.86;40.57;64.27
F;kE8E9;<50;200-500;315.63;40.79;64.08
F;kE8E9;<50;500-1000;332.88;14.22;74.36
F;kE8E9;<50;1000-5000;60.32;206.31;2.19
F;kE8E9;<50;5000-10000;0.0;0.0;0.0
F;kE8E9;<50;>10000;0.0;0.0;0.0
F;kE8E9;50-100;<50;0.0;0.0;0.0
F;kE8E9;50-100;50-100;335.72;24.03;66.04
F;kE8E9;50-100;100-200;303.94;35.14;62.04
F;kE8E9;50-100;200-500;300.64;39.82;61.41
F;kE8E9;50-100;500-1000;251.53;65.67;50.71
F;kE8E9;50-100;1000-5000;335.08;5.53;66.56
F;kE8E9;50-100;5000-10000;0.0;0.0;0.0
F;kE8E9;50-100;>10000;0.0;0.0;0.0
F;kE8E9;100-200;<50;0.0;0.0;0.0
F;kE8E9;100-200;50-100;332.48;11.4;67.05
F;kE8E9;100-200;100-200;311.18;21.92;62.99
F;kE8E9;100-200;200-500;291.27;41.13;59.46
F;kE8E9;100-200;500-1000;269.66;47.67;55.59
F;kE8E9;100-200;1000-5000;276.76;55.99;58.06
F;kE8E9;100-200;5000-10000;0.0;0.0;0.0
F;kE8E9;100-200;>10000;0.0;0.0;0.0
F;kE8E9;200-500;<50;0.0;0.0;0.0
F;kE8E9;200-500;50-100;0.0;0.0;0.0
F;kE8E9;200-500;100-200;334.61;0.0;81.07
F;kE8E9;200-500;200-500;267.18;19.95;54.0
F;kE8E9;200-500;500-1000;265.0;39.31;54.8
F;kE8E9;200-500;1000-5000;254.17;44.12;52.74
F;kE8E9;200-500;5000-10000;0.0;0.0;0.0
F;kE8E9;200-500;>10000;0.0;0.0;0.0
F;kE8E9;500-1000;<50;0.0;0.0;0.0
F;kE8E9;500-1000;50-100;200.73;6.52;38.56
F;kE8E9;500-1000;100-200;0.0;0.0;0.0
F;kE8E9;500-1000;200-500;247.94;0.35;66.31
F;kE8E9;500-1000;500-1000;180.9;0.0;36.18
F;kE8E9;500-1000;1000-5000;244.92;26.94;53.65
F;kE8E9;500-1000;5000-10000;0.0;0.0;0.0
F;kE8E9;500-1000;>10000;0.0;0.0;0.0
F;kE8E9;1000-5000;<50;0.0;0.0;0.0
F;kE8E9;1000-5000;50-100;0.0;0.0;0.0
F;kE8E9;1000-5000;100-200;0.0;0.0;0.0
F;kE8E9;1000-5000;200-500;0.0;0.0;0.0
F;kE8E9;1000-5000;500-1000;0.0;0.0;0.0
F;kE8E9;1000-5000;1000-5000;0.0;0.0;0.0
F;kE8E9;1000-5000;5000-10000;0.0;0.0;0.0
F;kE8E9;1000-5000;>10000;0.0;0.0;0.0
F;kE8E9;>5000;<50;0.0;0.0;0.0
F;kE8E9;>5000;50-100;0.0;0.0;0.0
F;kE8E9;>5000;100-200;0.0;0.0;0.0
F;kE8E9;>5000;200-500;0.0;0.0;0.0
F;kE8E9;>5000;500-1000;0.0;0.0;0.0
F;kE8E9;>5000;1000-5000;0.0;0.0;0.0
F;kE8E9;>5000;5000-10000;0.0;0.0;0.0
F;kE8E9;>5000;>10000;0.0;0.0;0.0
F;kE10E11;<50;<50;0.0;0.0;0.0
F;kE10E11;<50;50-100;300.18;26.24;64.6
F;kE10E11;<50;100-200;277.04;30.64;58.98
F;kE10E11;<50;200-500;295.51;32.65;60.83
F;kE10E11;<50;500-1000;263.82;8.42;57.29
F;kE10E11;<50;1000-5000;297.87;20.08;42.91
F;kE10E11;<50;5000-10000;0.0;0.0;0.0
F;kE10E11;<50;>10000;0.0;0.0;0.0
F;kE10E11;50-100;<50;0.0;0.0;0.0
F;kE10E11;50-100;50-100;320.38;12.97;68.09
F;kE10E11;50-100;100-200;266.32;27.72;57.26
F;kE10E11;50-100;200-500;262.19;29.48;55.42
F;kE10E11;50-100;500-1000;273.76;40.38;56.94
F;kE10E11;50-100;1000-5000;430.44;24.31;72.14
F;kE10E11;50-100;5000-10000;0.0;0.0;0.0
F;kE10E11;50-100;>10000;0.0;0.0;0.0
F;kE10E11;100-200;<50;0.0;0.0;0.0
F;kE10E11;100-200;50-100;245.44;17.95;49.4
F;kE10E11;100-200;100-200;258.86;4.16;51.74
F;kE10E11;100-200;200-500;251.42;29.85;53.42
F;kE10E11;100-200;500-1000;246.68;38.08;52.08
F;kE10E11;100-200;1000-5000;278.62;39.92;61.04
F;kE10E11;100-200;5000-10000;0.0;0.0;0.0
F;kE10E11;100-200;>10000;0.0;0.0;0.0
F;kE10E11;200-500;<50;0.0;0.0;0.0
F;kE10E11;200-500;50-100;225.15;0.42;55.55
F;kE10E11;200-500;100-200;152.25;3.01;36.07
F;kE10E11;200-500;200-500;181.85;59.25;41.01
F;kE10E11;200-500;500-1000;238.04;35.48;51.43
F;kE10E11;200-500;1000-5000;210.19;36.22;45.96
F;kE10E11;200-500;5000-10000;0.0;0.0;0.0
F;kE10E11;200-500;>10000;0.0;0.0;0.0
F;kE10E11;500-1000;<50;0.0;0.0;0.0
F;kE10E11;500-1000;50-100;0.0;0.0;0.0
F;kE10E11;500-1000;100-200;266.5;1.82;50.95
F;kE10E11;500-1000;200-500;0.0;0.0;0.0
F;kE10E11;500-1000;500-1000;509.6;3.45;124.34
F;kE10E11;500-1000;1000-5000;225.77;19.41;52.27
F;kE10E11;500-1000;5000-10000;0.0;0.0;0.0
F;kE10E11;500-1000;>10000;0.0;0.0;0.0
F;kE10E11;1000-5000;<50;0.0;0.0;0.0
F;kE10E11;1000-5000;50-100;0.0;0.0;0.0
F;kE10E11;1000-5000;100-200;0.0;0.0;0.0
F;kE10E11;1000-5000;200-500;0.0;0.0;0.0
F;kE10E11;1000-5000;500-1000;0.0;0.0;0.0
F;kE10E11;1000-5000;1000-5000;0.0;0.0;0.0
F;kE10E11;1000-5000;5000-10000;0.0;0.0;0.0
F;kE10E11;1000-5000;>10000;0.0;0.0;0.0
F;kE10E11;>5000;<50;0.0;0.0;0.0
F;kE10E11;>5000;50-100;0.0;0.0;0.0
F;kE10E11;>5000;100-200;0.0;0.0;0.0
F;kE10E11;>5000;200-500;0.0;0.0;0.0
F;kE10E11;>5000;500-1000;0.0;0.0;0.0
F;kE10E11;>5000;1000-5000;0.0;0.0;0.0
F;kE10E11;>5000;5000-10000;0.0;0.0;0.0
F;kE10E11;>5000;>10000;0.0;0.0;0.0
F;kE12E13;<50;<50;0.0;0.0;0.0
F;kE12E13;<50;50-100;252.38;28.1;56.97
F;kE12E13;<50;100-200;248.19;27.06;54.7
F;kE12E13;<50;200-500;282.64;33.24;60.21
F;kE12E13;<50;500-1000;208.15;4.24;67.49
F;kE12E13;<50;1000-5000;362.92;13.59;88.61
F;kE12E13;<50;5000-10000;0.0;0.0;0.0
F;kE12E13;<50;>10000;0.0;0.0;0.0
F;kE12E13;50-100;<50;0.0;0.0;0.0
F;kE12E13;50-100;50-100;267.36;28.22;58.45
F;kE12E13;50-100;100-200;240.94;27.79;53.14
F;kE12E13;50-100;200-500;238.14;27.12;51.34
F;kE12E13;50-100;500-1000;280.04;33.16;61.69
F;kE12E13;50-100;1000-5000;101.2;46.47;23.64
F;kE12E13;50-100;5000-10000;0.0;0.0;0.0
F;kE12E13;50-100;>10000;0.0;0.0;0.0
F;kE12E13;100-200;<50;0.0;0.0;0.0
F;kE12E13;100-200;50-100;231.19;0.15;50.13
F;kE12E13;100-200;100-200;250.91;7.08;56.38
F;kE12E13;100-200;200-500;222.6;33.21;48.16
F;kE12E13;100-200;500-1000;215.63;42.54;46.74
F;kE12E13;100-200;1000-5000;270.0;40.46;62.66
F;kE12E13;100-200;5000-10000;0.0;0.0;0.0
F;kE12E13;100-200;>10000;0.0;0.0;0.0
F;kE12E13;200-500;<50;0.0;0.0;0.0
F;kE12E13;200-500;50-100;0.0;0.0;0.0
F;kE12E13;200-500;100-200;184.31;3.44;39.41
F;kE12E13;200-500;200-500;207.93;38.17;42.23
F;kE12E13;200-500;500-1000;199.62;38.39;43.75
F;kE12E13;200-500;1000-5000;183.4;38.91;41.32
F;kE12E13;200-500;5000-10000;0.0;0.0;0.0
F;kE12E13;200-500;>10000;0.0;0.0;0.0
F;kE12E13;500-1000;<50;0.0;0.0;0.0
F;kE12E13;500-1000;50-100;0.0;0.0;0.0
F;kE12E13;500-1000;100-200;0.0;0.0;0.0
F;kE12E13;500-1000;200-500;0.0;0.0;0.0
F;kE12E13;500-1000;500-1000;0.0;0.0;0.0
F;kE12E13;500-1000;1000-5000;167.94;27.16;37.85
F;kE12E13;500-1000;5000-10000;0.0;0.0;0.0
F;kE12E13;500-1000;>10000;0.0;0.0;0.0
F;kE12E13;1000-5000;<50;0.0;0.0;0.0
F;kE12E13;1000-5000;50-100;0.0;0.0;0.0
F;kE12E13;1000-5000;100-200;0.0;0.0;0.0
F;kE12E13;1000-5000;200-500;0.0;0.0;0.0
F;kE12E13;1000-5000;500-1000;0.0;0.0;0.0
F;kE12E13;1000-5000;1000-5000;0.0;0.0;0.0
F;kE12E13;1000-5000;5000-10000;0.0;0.0;0.0
F;kE12E13;1000-5000;>10000;0.0;0.0;0.0
F;kE12E13;>5000;<50;0.0;0.0;0.0
F;kE12E13;>5000;50-100;0.0;0.0;0.0
F;kE12E13;>5000;100-200;0.0;0.0;0.0
F;kE12E13;>5000;200-500;0.0;0.0;0.0
F;kE12E13;>5000;500-1000;0.0;0.0;0.0
F;kE12E13;>5000;1000-5000;0.0;0.0;0.0
F;kE12E13;>5000;5000-10000;0.0;0.0;0.0
F;kE12E13;>5000;>10000;0.0;0.0;0.0
F;kE14E15;<50;<50;0.0;0.0;0.0
F;kE14E15;<50;50-100;229.99;32.45;51.03
F;kE14E15;<50;100-200;216.47;22.73;47.14
F;kE14E15;<50;200-500;258.55;28.36;53.25
F;kE14E15;<50;500-1000;272.59;0.43;54.58
F;kE14E15;<50;1000-5000;230.51;0.2;51.38
F;kE14E15;<50;5000-10000;0.0;0.0;0.0
F;kE14E15;<50;>10000;0.0;0.0;0.0
F;kE14E15;50-100;<50;0.0;0.0;0.0
F;kE14E15;50-100;50-100;163.55;2.57;34.41
F;kE14E15;50-100;100-200;191.71;18.1;41.85
F;kE14E15;50-100;200-500;193.66;21.57;41.36
F;kE14E15;50-100;500-1000;259.91;17.79;55.28
F;kE14E15;50-100;1000-5000;155.76;3.69;29.73
F;kE14E15;50-100;5000-10000;0.0;0.0;0.0
F;kE14E15;50-100;>10000;0.0;0.0;0.0
F;kE14E15;100-200;<50;0.0;0.0;0.0
F;kE14E15;100-200;50-100;147.09;0.0;25.83
F;kE14E15;100-200;100-200;160.8;14.36;33.67
F;kE14E15;100-200;200-500;176.48;29.31;37.74
F;kE14E15;100-200;500-1000;169.63;40.42;36.04
F;kE14E15;100-200;1000-5000;240.98;43.77;52.49
F;kE14E15;100-200;5000-10000;0.0;0.0;0.0
F;kE14E15;100-200;>10000;0.0;0.0;0.0
F;kE14E15;200-500;<50;0.0;0.0;0.0
F;kE14E15;200-500;50-100;0.0;0.0;0.0
F;kE14E15;200-500;100-200;169.25;0.28;33.89
F;kE14E15;200-500;200-500;97.36;123.02;20.9
F;kE14E15;200-500;500-1000;150.72;43.17;32.22
F;kE14E15;200-500;1000-5000;150.4;39.83;32.75
F;kE14E15;200-500;5000-10000;0.0;0.0;0.0
F;kE14E15;200-500;>10000;0.0;0.0;0.0
F;kE14E15;500-1000;<50;0.0;0.0;0.0
F;kE14E15;500-1000;50-100;0.0;0.0;0.0
F;kE14E15;500-1000;100-200;0.0;0.0;0.0
F;kE14E15;500-1000;200-500;0.0;0.0;0.0
F;kE14E15;500-1000;500-1000;286.2;0.76;70.58
F;kE14E15;500-1000;1000-5000;118.33;32.21;28.7
F;kE14E15;500-1000;5000-10000;0.0;0.0;0.0
F;kE14E15;500-1000;>10000;0.0;0.0;0.0
F;kE14E15;1000-5000;<50;0.0;0.0;0.0
F;kE14E15;1000-5000;50-100;0.0;0.0;0.0
F;kE14E15;1000-5000;100-200;0.0;0.0;0.0
F;kE14E15;1000-5000;200-500;0.0;0.0;0.0
F;kE14E15;1000-5000;500-1000;0.0;0.0;0.0
F;kE14E15;1000-5000;1000-5000;0.0;0.0;0.0
F;kE14E15;1000-5000;5000-10000;0.0;0.0;0.0
F;kE14E15;1000-5000;>10000;0.0;0.0;0.0
F;kE14E15;>5000;<50;0.0;0.0;0.0
F;kE14E15;>5000;50-100;0.0;0.0;0.0
F;kE14E15;>5000;100-200;0.0;0.0;0.0
F;kE14E15;>5000;200-500;0.0;0.0;0.0
F;kE14E15;>5000;500-1000;0.0;0.0;0.0
F;kE14E15;>5000;1000-5000;0.0;0.0;0.0
F;kE14E15;>5000;5000-10000;0.0;0.0;0.0
F;kE14E15;>5000;>10000;0.0;0.0;0.0
F;kE16;<50;<50;0.0;0.0;0.0
F;kE16;<50;50-100;161.94;32.64;35.06
F;kE16;<50;100-200;146.41;33.86;32.55
F;kE16;<50;200-500;167.69;33.7;35.29
F;kE16;<50;500-1000;214.62;22.99;49.75
F;kE16;<50;1000-5000;0.0;0.0;0.0
F;kE16;<50;5000-10000;0.0;0.0;0.0
F;kE16;<50;>10000;0.0;0.0;0.0
F;kE16;50-100;<50;0.0;0.0;0.0
F;kE16;50-100;50-100;133.06;21.69;26.49
F;kE16;50-100;100-200;132.78;30.51;29.62
F;kE16;50-100;200-500;130.19;31.12;27.9
F;kE16;50-100;500-1000;174.22;47.38;36.22
F;kE16;50-100;1000-5000;73.58;0.22;14.8
F;kE16;50-100;5000-10000;0.0;0.0;0.0
F;kE16;50-100;>10000;0.0;0.0;0.0
F;kE16;100-200;<50;0.0;0.0;0.0
F;kE16;100-200;50-100;0.0;0.0;0.0
F;kE16;100-200;100-200;355.48;1.96;28.41
F;kE16;100-200;200-500;119.19;30.95;25.53
F;kE16;100-200;500-1000;115.37;47.13;24.02
F;kE16;100-200;1000-5000;131.91;54.42;27.13
F;kE16;100-200;5000-10000;0.0;0.0;0.0
F;kE16;100-200;>10000;0.0;0.0;0.0
F;kE16;200-500;<50;0.0;0.0;0.0
F;kE16;200-500;50-100;0.0;0.0;0.0
F;kE16;200-500;100-200;0.0;0.0;0.0
F;kE16;200-500;200-500;86.74;17.86;17.73
F;kE16;200-500;500-1000;105.49;39.76;22.44
F;kE16;200-500;1000-5000;95.77;52.12;21.28
F;kE16;200-500;5000-10000;0.0;0.0;0.0
F;kE16;200-500;>10000;0.0;0.0;0.0
F;kE16;500-1000;<50;0.0;0.0;0.0
F;kE16;500-1000;50-100;0.0;0.0;0.0
F;kE16;500-1000;100-200;0.0;0.0;0.0
F;kE16;500-1000;200-500;0.0;0.0;0.0
F;kE16;500-1000;500-1000;0.0;0.0;0.0
F;kE16;500-1000;1000-5000;74.16;29.62;18.73
F;kE16;500-1000;5000-10000;0.0;0.0;0.0
F;kE16;500-1000;>10000;0.0;0.0;0.0
F;kE16;1000-5000;<50;0.0;0.0;0.0
F;kE16;1000-5000;50-100;0.0;0.0;0.0
F;kE16;1000-5000;100-200;0.0;0.0;0.0
F;kE16;1000-5000;200-500;0.0;0.0;0.0
F;kE16;1000-5000;500-1000;0.0;0.0;0.0
F;kE16;1000-5000;1000-5000;0.0;0.0;0.0
F;kE16;1000-5000;5000-10000;0.0;0.0;0.0
F;kE16;1000-5000;>10000;0.0;0.0;0.0
F;kE16;>5000;<50;0.0;0.0;0.0
F;kE16;>5000;50-100;0.0;0.0;0.0
F;kE16;>5000;100-200;0.0;0.0;0.0
F;kE16;>5000;200-500;0.0;0.0;0.0
F;kE16;>5000;500-1000;0.0;0.0;0.0
F;kE16;>5000;1000-5000;0.0;0.0;0.0
F;kE16;>5000;5000-10000;0.0;0.0;0.0
F;kE16;>5000;>10000;0.0;0.0;0.0
F;k2015;<50;<50;0.0;0.0;0.0
F;k2015;<50;50-100;171.54;35.9;37.44
F;k2015;<50;100-200;97.99;57.51;21.95
F;k2015;<50;200-500;95.12;71.22;20.93
F;k2015;<50;500-1000;163.37;17.8;36.75
F;k2015;<50;1000-5000;0.0;0.0;0.0
F;k2015;<50;5000-10000;0.0;0.0;0.0
F;k2015;<50;>10000;0.0;0.0;0.0
F;k2015;50-100;<50;0.0;0.0;0.0
F;k2015;50-100;50-100;120.25;22.79;23.89
F;k2015;50-100;100-200;89.03;46.31;19.81
F;k2015;50-100;200-500;81.21;52.05;17.82
F;k2015;50-100;500-1000;78.88;73.5;18.47
F;k2015;50-100;1000-5000;0.0;0.0;0.0
F;k2015;50-100;5000-10000;0.0;0.0;0.0
F;k2015;50-100;>10000;0.0;0.0;0.0
F;k2015;100-200;<50;0.0;0.0;0.0
F;k2015;100-200;50-100;55.26;87.77;10.96
F;k2015;100-200;100-200;176.51;1.39;34.92
F;k2015;100-200;200-500;81.07;46.59;17.46
F;k2015;100-200;500-1000;62.98;59.25;13.71
F;k2015;100-200;1000-5000;42.51;73.82;9.4
F;k2015;100-200;5000-10000;0.0;0.0;0.0
F;k2015;100-200;>10000;0.0;0.0;0.0
F;k2015;200-500;<50;0.0;0.0;0.0
F;k2015;200-500;50-100;0.0;0.0;0.0
F;k2015;200-500;100-200;0.0;0.0;0.0
F;k2015;200-500;200-500;95.88;30.56;22.74
F;k2015;200-500;500-1000;63.42;54.41;13.64
F;k2015;200-500;1000-5000;51.03;55.53;11.91
F;k2015;200-500;5000-10000;0.0;0.0;0.0
F;k2015;200-500;>10000;0.0;0.0;0.0
F;k2015;500-1000;<50;0.0;0.0;0.0
F;k2015;500-1000;50-100;0.0;0.0;0.0
F;k2015;500-1000;100-200;0.0;0.0;0.0
F;k2015;500-1000;200-500;0.0;0.0;0.0
F;k2015;500-1000;500-1000;0.0;0.0;0.0
F;k2015;500-1000;1000-5000;58.82;40.15;13.43
F;k2015;500-1000;5000-10000;0.0;0.0;0.0
F;k2015;500-1000;>10000;0.0;0.0;0.0
F;k2015;1000-5000;<50;0.0;0.0;0.0
F;k2015;1000-5000;50-100;0.0;0.0;0.0
F;k2015;1000-5000;100-200;0.0;0.0;0.0
F;k2015;1000-5000;200-500;0.0;0.0;0.0
F;k2015;1000-5000;500-1000;0.0;0.0;0.0
F;k2015;1000-5000;1000-5000;0.0;0.0;0.0
F;k2015;1000-5000;5000-10000;0.0;0.0;0.0
F;k2015;1000-5000;>10000;0.0;0.0;0.0
F;k2015;>5000;<50;0.0;0.0;0.0
F;k2015;>5000;50-100;0.0;0.0;0.0
F;k2015;>5000;100-200;0.0;0.0;0.0
F;k2015;>5000;200-500;0.0;0.0;0.0
F;k2015;>5000;500-1000;0.0;0.0;0.0
F;k2015;>5000;1000-5000;0.0;0.0;0.0
F;k2015;>5000;5000-10000;0.0;0.0;0.0
F;k2015;>5000;>10000;0.0;0.0;0.0
